Symbol,Name,Sector,Price,Dividend Yield,Price/Earnings,Earnings/Share,Book Value,52 week low,52 week high,Market Cap,EBITDA,Price/Sales,Price/Book,SEC Filings
MMM,3M Co,Industrials,159.04,2.58,20.56,7.74,19.79,134.00,170.50,97.92,8.50,3.19,8.03,http://www.sec.gov/cgi-bin/browse-edgar?action=getcompany&CIK=MMM
ABT,Abbott Laboratories,Health Care,45.24,2.11,15.06,3.00,15.44,39.00,51.74,67.43,4.39,3.27,2.93,http://www.sec.gov/cgi-bin/browse-edgar?action=getcompany&CIK=ABT
ABBV,AbbVie,Health Care,62.84,3.65,36.45,1.72,3.33,45.45,71.60,104.02,8.47,4.82,19.19,http://www.sec.gov/cgi-bin/browse-edgar?action=getcompany&CIK=ABBV
ACN,Accenture Plc,Information Technology,106.15,2.05,22.29,4.76,9.79,81.66,109.86,66.32,5.15,2.14,10.88,http://www.sec.gov/cgi-bin/browse-edgar?action=getcompany&CIK=ACN
ACE,ACE Limited,Financials,113.50,2.36,13.87,8.19,89.88,96.00,117.89,36.78,3.65,1.92,1.26,http://www.sec.gov/cgi-bin/browse-edgar?action=getcompany&CIK=ACE
ADBE,Adobe Systems,Information Technology,90.59,0.00,92.44,0.98,13.72,68.98,91.87,45.19,1.10,9.95,6.63,http://www.sec.gov/cgi-bin/browse-edgar?action=getcompany&CIK=ADBE
ADT,ADT Corp (The),Industrials,33.91,2.51,19.91,1.70,17.95,29.34,42.88,5.76,1.80,1.61,1.88,http://www.sec.gov/cgi-bin/browse-edgar?action=getcompany&CIK=ADT
AES,AES Corp,Utilities,9.865,3.660,7.749,1.273,5.661,9.420,14.490,6.74,3.98,0.450,1.911,http://www.sec.gov/cgi-bin/browse-edgar?action=getcompany&CIK=AES
AET,Aetna,Health Care,111.51,0.89,17.10,6.52,45.51,81.93,134.40,38.88,5.22,0.63,2.39,http://www.sec.gov/cgi-bin/browse-edgar?action=getcompany&CIK=AET
AMG,Affiliated Managers Group,Financials,187.12,,19.97,9.37,48.84,163.50,230.63,10.16,0.9901,3.95,3.82,http://www.sec.gov/cgi-bin/browse-edgar?action=getcompany&CIK=AMG
AFL,AFLAC,Financials,64.18,2.56,11.23,5.71,40.36,51.41,65.19,27.44,4.07,1.31,1.59,http://www.sec.gov/cgi-bin/browse-edgar?action=getcompany&CIK=AFL
A,Agilent Technologies,Health Care,38.305,1.050,45.656,0.839,12.358,33.120,43.590,12.69,1.20,1.821,3.102,http://www.sec.gov/cgi-bin/browse-edgar?action=getcompany&CIK=A
GAS,AGL Resources,Utilities,62.62,3.25,20.05,3.12,32.88,46.36,63.37,7.52,1.22,1.70,1.91,http://www.sec.gov/cgi-bin/browse-edgar?action=getcompany&CIK=GAS
APD,Air Products & Chemicals,Materials,137.32,2.34,23.35,5.88,33.64,123.66,158.20,29.59,2.82,3.01,4.11,http://www.sec.gov/cgi-bin/browse-edgar?action=getcompany&CIK=APD
ARG,Airgas,Materials,96.30,2.48,19.90,4.84,25.97,86.09,119.00,7.11,0.97651,1.32,3.70,http://www.sec.gov/cgi-bin/browse-edgar?action=getcompany&CIK=ARG
AKAM,Akamai Technologies,Information Technology,61.74,,33.92,1.82,17.33,56.85,78.44,10.99,0.7108300000000001,5.14,3.59,http://www.sec.gov/cgi-bin/browse-edgar?action=getcompany&CIK=AKAM
AA,Alcoa,Materials,9.17,1.28,24.32,0.38,9.57,7.97,17.75,12.01,3.67,0.52,0.98,http://www.sec.gov/cgi-bin/browse-edgar?action=getcompany&CIK=AA
ALXN,Alexion Pharmaceuticals,Health Care,173.305,,156.412,1.108,36.520,142.020,208.880,39.05,0.90283,15.797,4.804,http://www.sec.gov/cgi-bin/browse-edgar?action=getcompany&CIK=ALXN
ATI,Allegheny Technologies,Materials,14.30,4.58,,-1.21,22.03,13.30,37.76,1.56,0.1986,0.41,0.69,http://www.sec.gov/cgi-bin/browse-edgar?action=getcompany&CIK=ATI
ALLE,Allegion Plc,Industrials,64.115,,,,0.000,51.790,67.500,,0.00,,,http://www.sec.gov/cgi-bin/browse-edgar?action=getcompany&CIK=ALLE
AGN,Allergan plc,Health Care,309.23,0.10,,-8.65,170.79,237.50,340.34,121.72,7.21,6.83,1.80,http://www.sec.gov/cgi-bin/browse-edgar?action=getcompany&CIK=AGN
ADS,Alliance Data Systems,Information Technology,299.09,,40.46,7.39,31.73,241.91,312.00,18.36,1.62,3.00,9.52,http://www.sec.gov/cgi-bin/browse-edgar?action=getcompany&CIK=ADS
ALL,Allstate Corp,Financials,63.635,1.900,11.077,5.745,48.097,54.120,72.870,24.65,4.49,0.682,1.308,http://www.sec.gov/cgi-bin/browse-edgar?action=getcompany&CIK=ALL
ALTR,Altera Corp,Information Technology,52.73,1.37,47.50,1.11,11.07,32.67,52.89,15.97,0.48328,9.23,4.76,http://www.sec.gov/cgi-bin/browse-edgar?action=getcompany&CIK=ALTR
MO,Altria Group,Consumer Staples,57.97,3.91,21.81,2.66,1.47,47.31,61.74,113.51,8.74,6.06,39.37,http://www.sec.gov/cgi-bin/browse-edgar?action=getcompany&CIK=MO
AMZN,Amazon.com,Consumer Discretionary,655.64,,939.31,0.70,26.50,285.25,656.94,307.34,7.01,2.99,24.18,http://www.sec.gov/cgi-bin/browse-edgar?action=getcompany&CIK=AMZN
AEE,Ameren Corp,Utilities,44.02,3.88,17.97,2.45,27.88,37.26,48.14,10.68,2.08,1.85,1.59,http://www.sec.gov/cgi-bin/browse-edgar?action=getcompany&CIK=AEE
AAL,American Airlines Group,Industrials,45.615,0.860,6.550,6.964,5.877,34.100,56.200,28.75,8.67,0.693,7.764,http://www.sec.gov/cgi-bin/browse-edgar?action=getcompany&CIK=AAL
AEP,American Electric Power,Utilities,56.53,3.95,15.68,3.61,36.06,52.29,65.38,27.75,5.28,1.61,1.57,http://www.sec.gov/cgi-bin/browse-edgar?action=getcompany&CIK=AEP
AXP,American Express,Financials,73.935,1.570,13.346,5.540,21.660,71.390,94.890,72.77,0.00,2.307,3.420,http://www.sec.gov/cgi-bin/browse-edgar?action=getcompany&CIK=AXP
AIG,American International Group,Financials,62.01,1.84,18.12,3.42,79.40,48.68,64.93,76.71,14.05,1.27,0.77,http://www.sec.gov/cgi-bin/browse-edgar?action=getcompany&CIK=AIG
AMT,American Tower,Financials,100.87,1.78,75.50,1.34,15.63,86.83,106.31,42.73,2.82,9.54,6.54,http://www.sec.gov/cgi-bin/browse-edgar?action=getcompany&CIK=AMT
AMP,Ameriprise Financial,Financials,117.018,2.280,13.450,8.700,43.589,95.520,138.260,20.37,3.58,1.656,2.659,http://www.sec.gov/cgi-bin/browse-edgar?action=getcompany&CIK=AMP
ABC,AmerisourceBergen Corp,Health Care,97.92,1.19,,-0.62,2.99,86.49,120.68,20.77,1.61,0.15,32.64,http://www.sec.gov/cgi-bin/browse-edgar?action=getcompany&CIK=ABC
AME,AMETEK,Industrials,56.415,0.650,22.657,2.490,13.816,46.920,57.670,13.54,1.07,3.361,4.066,http://www.sec.gov/cgi-bin/browse-edgar?action=getcompany&CIK=AME
AMGN,Amgen,Health Care,161.31,1.95,19.26,8.38,37.05,130.09,181.81,121.68,10.36,5.69,4.37,http://www.sec.gov/cgi-bin/browse-edgar?action=getcompany&CIK=AMGN
APH,Amphenol Corp A,Information Technology,54.6601,1.0200,22.8608,2.3910,10.1770,47.4400,60.5400,16.88,1.29,3.0487,5.3975,http://www.sec.gov/cgi-bin/browse-edgar?action=getcompany&CIK=APH
APC,Anadarko Petroleum,Energy,70.11,1.52,,-11.51,27.71,58.10,95.94,35.63,4.15,3.28,2.53,http://www.sec.gov/cgi-bin/browse-edgar?action=getcompany&CIK=APC
ADI,Analog Devices,Information Technology,60.35,2.65,27.07,2.23,16.15,49.42,68.97,18.93,1.22,5.80,3.75,http://www.sec.gov/cgi-bin/browse-edgar?action=getcompany&CIK=ADI
ANTM,Anthem,Health Care,136.13,1.82,13.04,10.44,89.02,121.22,173.59,35.54,6.32,0.45,1.52,http://www.sec.gov/cgi-bin/browse-edgar?action=getcompany&CIK=ANTM
AON,Aon Plc,Financials,94.83,1.27,21.70,4.37,21.48,86.38,107.08,25.98,2.51,2.22,4.40,http://www.sec.gov/cgi-bin/browse-edgar?action=getcompany&CIK=AON
APA,Apache Corp,Energy,49.28,2.01,,-43.43,41.12,35.79,77.57,18.63,7.54,1.82,1.20,http://www.sec.gov/cgi-bin/browse-edgar?action=getcompany&CIK=APA
AIV,Apartment Investment & Mgmt,Financials,38.21,3.02,28.39,1.35,9.03,34.71,41.55,6.11,0.5495099999999999,6.47,4.24,http://www.sec.gov/cgi-bin/browse-edgar?action=getcompany&CIK=AIV
AAPL,Apple,Information Technology,120.85,1.70,13.11,9.22,21.40,92.00,134.54,673.78,82.49,2.90,5.68,http://www.sec.gov/cgi-bin/browse-edgar?action=getcompany&CIK=AAPL
AMAT,Applied Materials,Information Technology,16.82,2.35,16.02,1.05,6.64,14.25,25.71,20.19,1.95,2.12,2.54,http://www.sec.gov/cgi-bin/browse-edgar?action=getcompany&CIK=AMAT
ADM,Archer-Daniels-Midland,Consumer Staples,42.985,2.600,14.843,3.630,29.070,40.660,53.910,26.44,3.35,0.367,1.480,http://www.sec.gov/cgi-bin/browse-edgar?action=getcompany&CIK=ADM
AIZ,Assurant,Financials,83.94,2.41,47.00,1.79,69.25,59.73,84.05,5.68,0.37417,0.54,1.20,http://www.sec.gov/cgi-bin/browse-edgar?action=getcompany&CIK=AIZ
T,AT&T,Telecommunication Services,33.3956,5.5900,35.1533,0.9500,19.8020,30.9700,36.4500,205.45,32.04,1.4805,1.6907,http://www.sec.gov/cgi-bin/browse-edgar?action=getcompany&CIK=T
ADSK,Autodesk,Information Technology,62.78,0.00,,-0.86,8.41,42.06,65.00,14.20,0.201,5.15,6.88,http://www.sec.gov/cgi-bin/browse-edgar?action=getcompany&CIK=ADSK
ADP,Automatic Data Processing,Information Technology,86.9699,2.2600,27.5745,3.1540,10.0130,64.2900,90.6700,40.21,2.31,3.6270,8.6847,http://www.sec.gov/cgi-bin/browse-edgar?action=getcompany&CIK=ADP
AN,AutoNation,Consumer Discretionary,64.43,,16.00,4.03,20.41,53.73,67.50,7.13,1.01,0.35,3.20,http://www.sec.gov/cgi-bin/browse-edgar?action=getcompany&CIK=AN
AZO,AutoZone,Consumer Discretionary,795.05,,22.07,36.03,-55.49,554.51,797.97,24.24,2.22,2.36,,http://www.sec.gov/cgi-bin/browse-edgar?action=getcompany&CIK=AZO
AVGO,Avago Technologies,Information Technology,121.33,1.36,31.83,3.81,15.57,83.50,150.50,33.41,2.80,5.20,7.97,http://www.sec.gov/cgi-bin/browse-edgar?action=getcompany&CIK=AVGO
AVB,AvalonBay Communities,Financials,177.17,2.81,32.42,5.46,73.37,156.03,186.89,23.74,1.30,12.08,2.43,http://www.sec.gov/cgi-bin/browse-edgar?action=getcompany&CIK=AVB
AVY,Avery Dennison Corp,Materials,64.86,2.27,20.68,3.14,11.32,46.85,66.09,6.04,0.7041000000000001,0.98,5.69,http://www.sec.gov/cgi-bin/browse-edgar?action=getcompany&CIK=AVY
BHI,Baker Hughes,Energy,49.82,1.25,,-0.62,39.93,44.11,70.45,21.73,2.84,1.18,1.29,http://www.sec.gov/cgi-bin/browse-edgar?action=getcompany&CIK=BHI
BLL,Ball Corp,Materials,67.75,0.77,31.73,2.13,7.59,57.95,77.20,9.24,1.10,1.12,8.89,http://www.sec.gov/cgi-bin/browse-edgar?action=getcompany&CIK=BLL
BAC,Bank of America,Financials,17.335,1.160,12.784,1.356,22.406,14.600,18.480,182.30,0.00,2.232,0.759,http://www.sec.gov/cgi-bin/browse-edgar?action=getcompany&CIK=BAC
BK,Bank of New York Mellon,Financials,43.32,1.59,18.81,2.30,32.59,35.63,45.45,47.35,0.00,3.07,1.31,http://www.sec.gov/cgi-bin/browse-edgar?action=getcompany&CIK=BK
BCR,Bard (C.R.),Health Care,185.72,0.51,105.58,1.76,20.01,161.79,202.47,13.72,1.04,4.05,9.36,http://www.sec.gov/cgi-bin/browse-edgar?action=getcompany&CIK=BCR
BAX,Baxter International,Health Care,37.55,1.22,11.97,3.14,14.65,32.18,43.44,20.48,4.15,1.27,2.56,http://www.sec.gov/cgi-bin/browse-edgar?action=getcompany&CIK=BAX
BBT,BB&T Corp,Financials,38.165,2.860,14.151,2.697,31.559,34.240,41.900,29.77,0.00,3.280,1.198,http://www.sec.gov/cgi-bin/browse-edgar?action=getcompany&CIK=BBT
BDX,Becton Dickinson,Health Care,152.27,1.64,37.85,4.02,34.50,125.35,154.98,32.02,2.42,3.37,4.38,http://www.sec.gov/cgi-bin/browse-edgar?action=getcompany&CIK=BDX
BBBY,Bed Bath & Beyond,Consumer Discretionary,60.87,,11.75,5.18,15.56,56.01,79.64,10.05,1.76,0.83,3.87,http://www.sec.gov/cgi-bin/browse-edgar?action=getcompany&CIK=BBBY
BRK-B,Berkshire Hathaway,Financials,136.68,,18.77,7.28,149697.16,125.50,152.94,0.22457,36.76,0.00,0.00,http://www.sec.gov/cgi-bin/browse-edgar?action=getcompany&CIK=BRK-B
BBY,Best Buy,Consumer Discretionary,35.00,2.57,13.52,2.59,13.43,28.32,42.00,12.06,2.19,0.29,2.57,http://www.sec.gov/cgi-bin/browse-edgar?action=getcompany&CIK=BBY
BIIB,Biogen,Health Care,293.88,,19.21,15.30,47.43,254.00,480.18,65.51,5.49,6.26,6.25,http://www.sec.gov/cgi-bin/browse-edgar?action=getcompany&CIK=BIIB
BLK,BlackRock,Financials,357.46,2.43,18.38,19.45,166.94,275.00,382.84,59.36,4.93,5.23,2.14,http://www.sec.gov/cgi-bin/browse-edgar?action=getcompany&CIK=BLK
BA,Boeing Co,Industrials,148.14,2.45,18.65,7.95,10.05,115.14,158.83,99.25,9.91,1.02,14.75,http://www.sec.gov/cgi-bin/browse-edgar?action=getcompany&CIK=BA
BWA,Borg Warner,Consumer Discretionary,42.24,1.21,15.37,2.75,16.58,37.33,63.30,9.47,1.34,1.21,2.56,http://www.sec.gov/cgi-bin/browse-edgar?action=getcompany&CIK=BWA
BXP,Boston Properties,Financials,127.76,2.02,32.27,3.96,36.80,94.91,146.07,19.62,1.54,7.80,3.45,http://www.sec.gov/cgi-bin/browse-edgar?action=getcompany&CIK=BXP
BSX,Boston Scientific,Health Care,18.95,,,-0.30,4.77,12.56,19.06,25.49,1.79,3.43,3.92,http://www.sec.gov/cgi-bin/browse-edgar?action=getcompany&CIK=BSX
BMY,Bristol-Myers Squibb,Health Care,65.745,2.240,61.907,1.062,9.039,51.820,70.540,109.68,4.46,6.622,7.260,http://www.sec.gov/cgi-bin/browse-edgar?action=getcompany&CIK=BMY
BRCM,Broadcom Corp,Information Technology,52.215,1.080,22.781,2.292,16.402,40.210,57.700,31.80,1.99,3.797,3.225,http://www.sec.gov/cgi-bin/browse-edgar?action=getcompany&CIK=BRCM
BF-B,Brown-Forman,Consumer Staples,106.80,1.60,32.74,3.26,8.27,85.43,111.06,22.05,1.10,7.05,12.92,http://www.sec.gov/cgi-bin/browse-edgar?action=getcompany&CIK=BF-B
CHRW,C.H. Robinson Worldwide,Industrials,68.29,2.17,20.09,3.40,7.82,61.46,77.49,9.87,0.88562,0.73,8.78,http://www.sec.gov/cgi-bin/browse-edgar?action=getcompany&CIK=CHRW
CA,CA,Information Technology,27.38,3.59,15.93,1.72,13.13,25.16,33.42,12.01,1.29,2.96,2.10,http://www.sec.gov/cgi-bin/browse-edgar?action=getcompany&CIK=CA
CVC,Cablevision Systems,Consumer Discretionary,32.11,1.85,44.41,0.72,-18.38,17.66,33.28,8.81,1.72,1.36,,http://www.sec.gov/cgi-bin/browse-edgar?action=getcompany&CIK=CVC
COG,Cabot Oil & Gas,Energy,22.60,0.36,,-0.55,5.13,20.00,35.64,9.35,0.1946,6.19,4.37,http://www.sec.gov/cgi-bin/browse-edgar?action=getcompany&CIK=COG
CAM,Cameron International,Energy,68.58,,21.04,3.26,23.21,39.52,71.22,13.09,1.64,1.40,3.00,http://www.sec.gov/cgi-bin/browse-edgar?action=getcompany&CIK=CAM
CPB,Campbell Soup,Consumer Staples,50.33,2.48,22.77,2.21,4.45,42.70,52.37,15.59,1.53,1.93,11.33,http://www.sec.gov/cgi-bin/browse-edgar?action=getcompany&CIK=CPB
COF,Capital One Financial,Financials,79.80,1.99,11.08,7.20,88.21,67.73,92.10,43.14,0.00,2.31,0.91,http://www.sec.gov/cgi-bin/browse-edgar?action=getcompany&CIK=COF
CAH,Cardinal Health,Health Care,88.22,1.79,22.11,3.99,19.83,74.76,91.91,28.94,2.84,0.27,4.37,http://www.sec.gov/cgi-bin/browse-edgar?action=getcompany&CIK=CAH
KMX,CarMax,Consumer Discretionary,57.15,,19.42,2.94,15.67,54.04,75.40,11.58,1.17,0.78,3.65,http://www.sec.gov/cgi-bin/browse-edgar?action=getcompany&CIK=KMX
CCL,Carnival Corp,Consumer Discretionary,52.964,2.270,29.392,1.802,31.302,39.880,54.590,41.21,3.36,2.613,1.687,http://www.sec.gov/cgi-bin/browse-edgar?action=getcompany&CIK=CCL
CAT,Caterpillar,Industrials,74.175,4.120,15.278,4.855,27.302,62.990,107.120,43.19,7.84,0.864,2.731,http://www.sec.gov/cgi-bin/browse-edgar?action=getcompany&CIK=CAT
CBG,CBRE Group,Financials,36.735,,21.622,1.699,7.652,30.850,39.770,12.22,1.18,1.230,4.803,http://www.sec.gov/cgi-bin/browse-edgar?action=getcompany&CIK=CBG
CBS,CBS Corp,Consumer Discretionary,47.68,1.24,15.30,5.38,12.25,38.51,63.95,22.89,3.10,1.69,3.91,http://www.sec.gov/cgi-bin/browse-edgar?action=getcompany&CIK=CBS
CELG,Celgene Corp,Health Care,120.67,,45.69,2.64,7.99,92.98,140.72,95.39,3.21,11.93,15.91,http://www.sec.gov/cgi-bin/browse-edgar?action=getcompany&CIK=CELG
CNP,CenterPoint Energy,Utilities,18.52,5.29,15.18,1.22,10.57,17.48,25.56,7.97,1.87,0.99,1.77,http://www.sec.gov/cgi-bin/browse-edgar?action=getcompany&CIK=CNP
CTL,CenturyLink,Telecommunication Services,28.697,7.580,22.721,1.263,25.909,24.110,41.500,16.16,6.67,0.885,1.081,http://www.sec.gov/cgi-bin/browse-edgar?action=getcompany&CIK=CTL
CERN,Cerner Corp,Health Care,61.2603,,41.3921,1.4800,11.1540,57.4200,75.7200,21.08,1.07,5.1891,5.5254,http://www.sec.gov/cgi-bin/browse-edgar?action=getcompany&CIK=CERN
CF,CF Industries Holdings,Materials,46.78,2.31,11.98,3.91,17.63,43.85,70.32,10.90,2.05,2.74,2.94,http://www.sec.gov/cgi-bin/browse-edgar?action=getcompany&CIK=CF
CHK,Chesapeake Energy,Energy,7.59,0.00,,-33.88,8.89,6.01,24.43,5.04,5.01,0.30,0.84,http://www.sec.gov/cgi-bin/browse-edgar?action=getcompany&CIK=CHK
CVX,Chevron Corp,Energy,94.70,4.36,20.56,4.61,82.19,69.58,119.73,178.20,26.86,1.34,1.18,http://www.sec.gov/cgi-bin/browse-edgar?action=getcompany&CIK=CVX
CMG,Chipotle Mexican Grill,Consumer Discretionary,616.74,,36.80,16.76,76.99,597.33,758.61,19.23,0.98378,4.19,7.99,http://www.sec.gov/cgi-bin/browse-edgar?action=getcompany&CIK=CMG
CB,Chubb Corp,Financials,129.43,1.76,14.91,8.68,70.13,94.35,131.35,29.39,3.27,2.07,1.84,http://www.sec.gov/cgi-bin/browse-edgar?action=getcompany&CIK=CB
CI,Cigna Corp,Health Care,132.27,0.03,16.39,8.07,43.88,98.12,170.68,34.06,3.93,0.91,2.96,http://www.sec.gov/cgi-bin/browse-edgar?action=getcompany&CIK=CI
XEC,Cimarex Energy,Energy,116.13,0.55,,-18.78,36.94,91.74,132.18,10.80,0.97089,6.56,3.21,http://www.sec.gov/cgi-bin/browse-edgar?action=getcompany&CIK=XEC
CINF,Cincinnati Financial,Financials,60.60,3.05,15.54,3.90,38.77,49.68,61.38,9.93,1.01,1.93,1.56,http://www.sec.gov/cgi-bin/browse-edgar?action=getcompany&CIK=CINF
CTAS,Cintas Corp,Industrials,90.785,1.140,25.338,3.583,16.803,70.310,94.350,9.80,0.87362,2.160,5.445,http://www.sec.gov/cgi-bin/browse-edgar?action=getcompany&CIK=CTAS
CSCO,Cisco Systems,Information Technology,28.40,2.94,16.23,1.75,11.74,23.03,30.31,143.74,13.39,2.93,2.43,http://www.sec.gov/cgi-bin/browse-edgar?action=getcompany&CIK=CSCO
C,Citigroup,Financials,54.25,0.37,12.24,4.43,69.03,46.60,60.95,161.61,0.00,2.33,0.78,http://www.sec.gov/cgi-bin/browse-edgar?action=getcompany&CIK=C
CTXS,Citrix Systems,Information Technology,82.06,,47.03,1.75,12.89,56.47,84.17,13.28,0.8546900000000001,4.15,6.42,http://www.sec.gov/cgi-bin/browse-edgar?action=getcompany&CIK=CTXS
CLX,Clorox Co,Consumer Staples,124.27,2.45,24.86,5.00,0.92,97.85,127.25,16.04,1.20,2.82,134.42,http://www.sec.gov/cgi-bin/browse-edgar?action=getcompany&CIK=CLX
CME,CME Group,Financials,95.48,2.08,25.53,3.74,63.56,82.51,100.87,32.11,2.24,9.56,1.50,http://www.sec.gov/cgi-bin/browse-edgar?action=getcompany&CIK=CME
CMS,CMS Energy,Utilities,35.86,3.20,19.27,1.86,14.08,31.22,38.66,9.94,1.89,1.48,2.54,http://www.sec.gov/cgi-bin/browse-edgar?action=getcompany&CIK=CMS
COH,Coach,Consumer Discretionary,32.78,4.15,23.93,1.37,8.93,27.22,43.87,9.08,0.92045,2.14,3.62,http://www.sec.gov/cgi-bin/browse-edgar?action=getcompany&CIK=COH
KO,Coca-Cola Co,Consumer Staples,42.29,3.13,26.97,1.57,6.00,36.56,45.00,183.92,12.37,4.04,7.00,http://www.sec.gov/cgi-bin/browse-edgar?action=getcompany&CIK=KO
CCE,Coca-Cola Enterprises,Consumer Staples,51.615,2.180,22.267,2.318,4.437,41.030,53.790,11.71,1.23,1.574,11.422,http://www.sec.gov/cgi-bin/browse-edgar?action=getcompany&CIK=CCE
CTSH,Cognizant Technology Solutions,Information Technology,67.185,,27.091,2.480,14.013,50.170,69.800,40.95,2.25,3.598,4.768,http://www.sec.gov/cgi-bin/browse-edgar?action=getcompany&CIK=CTSH
CL,Colgate-Palmolive,Consumer Staples,67.62,2.24,25.04,2.70,0.28,50.84,71.56,60.65,4.47,3.70,237.61,http://www.sec.gov/cgi-bin/browse-edgar?action=getcompany&CIK=CL
CMCSA,Comcast Corp,Consumer Discretionary,61.84,1.60,19.40,3.19,21.05,50.00,64.99,151.96,24.54,2.07,2.92,http://www.sec.gov/cgi-bin/browse-edgar?action=getcompany&CIK=CMCSA
CMA,Comerica,Financials,45.45,1.88,15.10,3.01,43.01,39.52,53.45,8.03,0.00,3.05,1.04,http://www.sec.gov/cgi-bin/browse-edgar?action=getcompany&CIK=CMA
CSC,Computer Sciences,Information Technology,66.91,1.36,1556.05,0.04,21.66,56.56,73.29,9.26,1.02,0.81,3.14,http://www.sec.gov/cgi-bin/browse-edgar?action=getcompany&CIK=CSC
CAG,ConAgra Foods,Consumer Staples,41.325,2.440,,-4.423,7.769,33.450,45.490,17.89,2.21,1.119,5.280,http://www.sec.gov/cgi-bin/browse-edgar?action=getcompany&CIK=CAG
COP,ConocoPhillips,Energy,56.31,5.22,,-0.85,39.42,41.10,74.68,69.46,8.51,1.94,1.43,http://www.sec.gov/cgi-bin/browse-edgar?action=getcompany&CIK=COP
CNX,CONSOL Energy,Energy,8.435,0.490,,-1.443,20.663,6.380,42.260,1.93,0.98363,0.631,0.393,http://www.sec.gov/cgi-bin/browse-edgar?action=getcompany&CIK=CNX
ED,Consolidated Edison,Utilities,65.225,3.960,17.301,3.770,43.664,56.860,72.250,19.10,3.37,1.529,1.510,http://www.sec.gov/cgi-bin/browse-edgar?action=getcompany&CIK=ED
STZ,Constellation Brands,Consumer Staples,133.25,0.92,27.58,4.83,30.90,132.87,133.99,26.18,1.95,4.17,4.30,http://www.sec.gov/cgi-bin/browse-edgar?action=getcompany&CIK=STZ
GLW,Corning,Information Technology,19.065,2.550,12.461,1.530,14.947,15.420,25.160,22.55,2.90,2.404,1.262,http://www.sec.gov/cgi-bin/browse-edgar?action=getcompany&CIK=GLW
COST,Costco Wholesale,Consumer Staples,156.40,1.01,29.12,5.37,24.24,117.03,159.40,68.41,4.75,0.59,6.48,http://www.sec.gov/cgi-bin/browse-edgar?action=getcompany&CIK=COST
CCI,Crown Castle International,Financials,86.45,4.04,19.38,4.46,22.23,74.45,89.44,28.80,2.09,7.72,3.93,http://www.sec.gov/cgi-bin/browse-edgar?action=getcompany&CIK=CCI
CSX,CSX Corp,Industrials,27.24,2.61,13.55,2.01,11.94,24.47,37.99,26.56,4.89,2.19,2.30,http://www.sec.gov/cgi-bin/browse-edgar?action=getcompany&CIK=CSX
CMI,Cummins,Industrials,106.43,3.65,11.39,9.34,43.88,99.76,151.25,18.80,2.66,0.97,2.43,http://www.sec.gov/cgi-bin/browse-edgar?action=getcompany&CIK=CMI
CVS,CVS Health Corp,Consumer Staples,99.51,1.40,22.45,4.43,33.49,81.37,113.65,110.46,11.19,0.74,2.97,http://www.sec.gov/cgi-bin/browse-edgar?action=getcompany&CIK=CVS
DHI,D.R.Horton,Consumer Discretionary,29.41,0.83,15.97,1.84,15.35,22.12,33.06,10.79,1.12,1.08,1.94,http://www.sec.gov/cgi-bin/browse-edgar?action=getcompany&CIK=DHI
DHR,Danaher Corp,Industrials,95.685,0.570,20.489,4.670,33.731,80.490,96.275,65.57,4.67,3.178,2.840,http://www.sec.gov/cgi-bin/browse-edgar?action=getcompany&CIK=DHR
DRI,Darden Restaurants,Consumer Discretionary,61.75,3.52,27.29,2.26,18.92,52.44,75.60,7.91,0.8342999999999999,1.15,3.25,http://www.sec.gov/cgi-bin/browse-edgar?action=getcompany&CIK=DRI
DVA,DaVita HealthCare Partner,Health Care,77.76,,35.03,2.22,23.65,70.12,85.17,16.41,2.49,1.21,3.27,http://www.sec.gov/cgi-bin/browse-edgar?action=getcompany&CIK=DVA
DE,Deere & Co,Industrials,77.91,2.99,11.98,6.50,23.53,71.85,98.23,25.57,4.50,0.83,3.32,http://www.sec.gov/cgi-bin/browse-edgar?action=getcompany&CIK=DE
DLPH,Delphi Automotive Plc,Consumer Discretionary,83.285,1.200,15.104,5.514,8.253,66.100,90.570,23.33,2.61,1.398,10.035,http://www.sec.gov/cgi-bin/browse-edgar?action=getcompany&CIK=DLPH
DAL,Delta Air Lines,Industrials,50.5975,1.0600,14.5646,3.4740,13.1280,34.6100,52.0000,39.87,7.81,0.9773,3.8589,http://www.sec.gov/cgi-bin/browse-edgar?action=getcompany&CIK=DAL
XRAY,DENTSPLY International,Health Care,61.51,0.47,31.69,1.94,16.31,49.42,62.48,8.60,0.5160800000000001,3.19,3.80,http://www.sec.gov/cgi-bin/browse-edgar?action=getcompany&CIK=XRAY
DVN,Devon Energy,Energy,47.39,2.12,,-25.71,28.10,36.01,70.48,19.48,6.00,1.34,1.65,http://www.sec.gov/cgi-bin/browse-edgar?action=getcompany&CIK=DVN
DO,Diamond Offshore Drilling,Energy,23.20,2.26,45.49,0.51,31.91,16.51,40.00,3.18,1.09,1.27,0.72,http://www.sec.gov/cgi-bin/browse-edgar?action=getcompany&CIK=DO
DTV,DIRECTV,Consumer Discretionary,93.55,0.00,,5.75,0.00,82.04,95.51,,0.00,,,http://www.sec.gov/cgi-bin/browse-edgar?action=getcompany&CIK=DTV
DFS,Discover Financial Services,Financials,56.89,1.99,11.75,4.84,25.01,50.20,66.75,24.32,0.00,3.40,2.25,http://www.sec.gov/cgi-bin/browse-edgar?action=getcompany&CIK=DFS
DISCA,Discovery Communications,Consumer Discretionary,29.52,,18.57,1.59,13.06,25.02,35.78,12.75,2.48,2.04,2.32,http://www.sec.gov/cgi-bin/browse-edgar?action=getcompany&CIK=DISCA
DG,Dollar General,Consumer Discretionary,68.08,1.28,18.19,3.74,18.39,62.62,81.42,20.06,2.23,1.01,3.69,http://www.sec.gov/cgi-bin/browse-edgar?action=getcompany&CIK=DG
DLTR,Dollar Tree,Consumer Discretionary,67.73,,45.30,1.50,17.24,60.31,84.22,15.90,1.33,1.62,3.89,http://www.sec.gov/cgi-bin/browse-edgar?action=getcompany&CIK=DLTR
D,Dominion Resources,Utilities,70.29,3.66,23.32,3.01,21.23,66.52,80.89,41.68,5.33,3.47,3.32,http://www.sec.gov/cgi-bin/browse-edgar?action=getcompany&CIK=D
DOV,Dover Corp,Industrials,64.46,2.57,11.60,5.56,23.01,55.50,83.55,9.99,1.38,1.39,2.82,http://www.sec.gov/cgi-bin/browse-edgar?action=getcompany&CIK=DOV
DOW,Dow Chemical,Materials,51.5525,3.5400,13.2458,3.8920,17.5490,35.1100,53.8000,59.73,8.64,1.1514,2.9278,http://www.sec.gov/cgi-bin/browse-edgar?action=getcompany&CIK=DOW
DPS,Dr. Pepper Snapple Group,Consumer Staples,87.67,2.18,23.28,3.77,11.62,69.04,90.95,16.56,1.44,2.67,7.59,http://www.sec.gov/cgi-bin/browse-edgar?action=getcompany&CIK=DPS
DTE,DTE Energy,Utilities,82.93,3.54,15.69,5.29,49.10,73.23,92.27,14.88,2.55,1.36,1.68,http://www.sec.gov/cgi-bin/browse-edgar?action=getcompany&CIK=DTE
DD,Du Pont (E.I.),Materials,64.45,2.37,20.36,3.16,12.29,47.11,76.59,56.48,5.53,1.75,5.23,http://www.sec.gov/cgi-bin/browse-edgar?action=getcompany&CIK=DD
DUK,Duke Energy,Utilities,71.51,4.57,18.17,3.93,57.53,67.27,89.97,49.22,8.79,2.13,1.25,http://www.sec.gov/cgi-bin/browse-edgar?action=getcompany&CIK=DUK
DNB,Dun & Bradstreet,Industrials,111.55,1.71,22.03,5.06,-34.01,100.02,137.25,4.03,0.4181,2.37,,http://www.sec.gov/cgi-bin/browse-edgar?action=getcompany&CIK=DNB
ETFC,E Trade Financial,Financials,28.955,,38.607,0.750,20.008,21.010,31.480,8.41,0.00,4.628,1.443,http://www.sec.gov/cgi-bin/browse-edgar?action=getcompany&CIK=ETFC
EMN,Eastman Chemical,Materials,70.62,2.20,14.30,4.94,25.32,62.84,88.93,10.49,2.28,1.08,2.82,http://www.sec.gov/cgi-bin/browse-edgar?action=getcompany&CIK=EMN
ETN,Eaton Corp Plc,Industrials,57.125,3.880,13.208,4.325,33.202,49.210,73.820,26.44,3.40,1.217,1.692,http://www.sec.gov/cgi-bin/browse-edgar?action=getcompany&CIK=ETN
EBAY,eBay,Information Technology,29.20,,15.88,1.84,5.40,22.11,29.58,35.06,4.89,1.99,5.43,http://www.sec.gov/cgi-bin/browse-edgar?action=getcompany&CIK=EBAY
ECL,Ecolab,Materials,117.63,1.10,31.52,3.73,22.98,97.78,122.48,34.72,2.93,2.51,5.11,http://www.sec.gov/cgi-bin/browse-edgar?action=getcompany&CIK=ECL
EIX,Edison International,Utilities,60.23,2.75,13.05,4.61,35.60,55.18,69.59,19.62,4.05,1.61,1.71,http://www.sec.gov/cgi-bin/browse-edgar?action=getcompany&CIK=EIX
EW,Edwards Lifesciences,Health Care,158.69,,37.58,4.22,22.48,120.58,159.46,17.12,0.6892999999999999,6.91,6.96,http://www.sec.gov/cgi-bin/browse-edgar?action=getcompany&CIK=EW
EA,Electronic Arts,Information Technology,73.89,,29.23,2.53,10.08,40.11,76.92,23.05,1.13,5.35,7.37,http://www.sec.gov/cgi-bin/browse-edgar?action=getcompany&CIK=EA
EMC,EMC Corp,Information Technology,26.04,1.75,21.92,1.19,10.54,22.66,30.92,50.49,5.21,2.05,2.48,http://www.sec.gov/cgi-bin/browse-edgar?action=getcompany&CIK=EMC
EMR,Emerson Electric,Industrials,49.15,3.79,12.32,3.58,12.35,42.21,65.94,32.35,4.32,1.47,4.02,http://www.sec.gov/cgi-bin/browse-edgar?action=getcompany&CIK=EMR
ENDP,Endo International plc,Health Care,52.52,,,-3.82,29.55,46.66,96.58,10.94,0.74315,3.86,2.05,http://www.sec.gov/cgi-bin/browse-edgar?action=getcompany&CIK=ENDP
ESV,ENSCO Plc,Energy,18.29,3.88,,-11.15,38.26,13.26,41.99,4.31,2.31,0.98,0.48,http://www.sec.gov/cgi-bin/browse-edgar?action=getcompany&CIK=ESV
ETR,Entergy Corp,Utilities,67.92,4.96,,-0.87,51.33,61.27,92.02,12.12,3.82,1.04,1.35,http://www.sec.gov/cgi-bin/browse-edgar?action=getcompany&CIK=ETR
EOG,EOG Resources,Energy,86.535,0.760,34.069,2.540,31.735,68.150,103.040,47.52,7.00,3.705,2.725,http://www.sec.gov/cgi-bin/browse-edgar?action=getcompany&CIK=EOG
EQT,EQT Corp,Energy,67.495,0.180,50.070,1.348,33.903,63.090,100.650,10.30,1.66,4.631,1.967,http://www.sec.gov/cgi-bin/browse-edgar?action=getcompany&CIK=EQT
EFX,Equifax,Industrials,106.04,1.09,31.00,3.42,18.83,76.45,108.62,12.56,0.9122,4.81,5.65,http://www.sec.gov/cgi-bin/browse-edgar?action=getcompany&CIK=EFX
EQIX,Equinix,Financials,295.64,2.23,,-3.15,25.99,212.82,304.73,16.94,1.10,6.44,11.39,http://www.sec.gov/cgi-bin/browse-edgar?action=getcompany&CIK=EQIX
EQR,Equity Residential,Financials,79.03,2.78,32.98,2.40,28.67,61.90,82.53,28.78,1.75,10.65,2.76,http://www.sec.gov/cgi-bin/browse-edgar?action=getcompany&CIK=EQR
ESS,Essex Property Trust,Financials,223.27,2.58,76.91,2.90,94.23,196.84,243.17,14.57,0.78044,12.21,2.35,http://www.sec.gov/cgi-bin/browse-edgar?action=getcompany&CIK=ESS
EL,Estee Lauder Co,Consumer Staples,86.64,1.38,28.41,3.05,9.42,70.38,91.68,31.99,2.11,2.89,9.12,http://www.sec.gov/cgi-bin/browse-edgar?action=getcompany&CIK=EL
ES,Eversource Energy,Utilities,51.505,3.250,17.884,2.880,32.475,44.640,56.830,16.33,2.48,2.008,1.589,http://www.sec.gov/cgi-bin/browse-edgar?action=getcompany&CIK=ES
EXC,Exelon Corp,Utilities,28.735,4.350,12.760,2.252,28.024,27.710,38.930,26.42,8.26,0.892,1.038,http://www.sec.gov/cgi-bin/browse-edgar?action=getcompany&CIK=EXC
EXPE,Expedia,Consumer Discretionary,137.63,0.70,21.59,6.37,18.81,76.34,140.51,17.87,0.70266,2.75,7.13,http://www.sec.gov/cgi-bin/browse-edgar?action=getcompany&CIK=EXPE
EXPD,"Expeditors International,Wash",Industrials,49.12,1.45,21.26,2.21,9.88,41.97,51.80,9.15,0.74754,1.35,4.97,http://www.sec.gov/cgi-bin/browse-edgar?action=getcompany&CIK=EXPD
ESRX,Express Scripts Holding,Health Care,88.69,,27.59,3.21,24.45,68.06,94.61,59.98,6.93,0.59,3.61,http://www.sec.gov/cgi-bin/browse-edgar?action=getcompany&CIK=ESRX
XOM,Exxon Mobil,Energy,84.835,3.360,17.939,4.729,41.413,66.550,97.200,353.17,33.11,1.380,2.076,http://www.sec.gov/cgi-bin/browse-edgar?action=getcompany&CIK=XOM
FFIV,F5 Networks,Information Technology,109.76,,21.82,5.03,18.77,108.00,136.11,7.70,0.60548,4.06,5.91,http://www.sec.gov/cgi-bin/browse-edgar?action=getcompany&CIK=FFIV
FB,Facebook Cl,Information Technology,109.3299,,111.1076,0.9840,14.0900,72.0000,110.6500,308.04,6.38,20.0038,7.3769,http://www.sec.gov/cgi-bin/browse-edgar?action=getcompany&CIK=FB
FDO,Family Dollar Stores,Consumer Discretionary,79.39,1.60,,2.04,0.00,59.81,80.97,,0.00,,,http://www.sec.gov/cgi-bin/browse-edgar?action=getcompany&CIK=FDO
FAST,Fastenal Co,Industrials,41.22,2.76,23.17,1.78,6.16,34.45,48.43,11.94,0.91743,3.01,6.53,http://www.sec.gov/cgi-bin/browse-edgar?action=getcompany&CIK=FAST
FDX,FedEx Corp,Industrials,160.17,0.63,42.19,3.80,54.12,130.13,185.19,45.23,7.22,0.93,2.94,http://www.sec.gov/cgi-bin/browse-edgar?action=getcompany&CIK=FDX
FIS,Fidelity National Information Services,Information Technology,66.06,1.61,26.19,2.52,23.25,57.19,73.60,18.52,1.65,2.87,2.82,http://www.sec.gov/cgi-bin/browse-edgar?action=getcompany&CIK=FIS
FITB,Fifth Third Bancorp,Financials,19.80,2.66,11.99,1.65,18.22,17.14,21.93,15.75,0.00,2.71,1.07,http://www.sec.gov/cgi-bin/browse-edgar?action=getcompany&CIK=FITB
FSLR,First Solar,Information Technology,58.32,,10.40,5.61,53.72,39.18,65.50,5.89,0.8441900000000001,1.62,1.09,http://www.sec.gov/cgi-bin/browse-edgar?action=getcompany&CIK=FSLR
FE,FirstEnergy Corp,Utilities,30.4375,4.6300,25.8822,1.1760,29.8480,30.1400,41.6800,12.88,3.23,0.9011,1.0383,http://www.sec.gov/cgi-bin/browse-edgar?action=getcompany&CIK=FE
FISV,Fiserv,Information Technology,96.02,,32.88,2.92,12.50,68.05,97.42,21.94,1.60,4.21,7.66,http://www.sec.gov/cgi-bin/browse-edgar?action=getcompany&CIK=FISV
FLIR,FLIR Systems,Information Technology,27.34,1.61,15.97,1.71,11.64,25.12,34.46,3.82,0.35176999999999997,2.45,2.35,http://www.sec.gov/cgi-bin/browse-edgar?action=getcompany&CIK=FLIR
FLS,Flowserve Corp,Industrials,47.57,1.50,18.08,2.63,12.96,39.47,68.65,6.23,0.82068,1.35,3.70,http://www.sec.gov/cgi-bin/browse-edgar?action=getcompany&CIK=FLS
FLR,Fluor Corp,Industrials,50.45,1.67,11.16,4.52,21.53,40.61,69.69,7.14,1.22,0.37,2.33,http://www.sec.gov/cgi-bin/browse-edgar?action=getcompany&CIK=FLR
FMC,FMC Corp,Materials,41.45,1.60,7.20,5.75,16.10,32.58,64.72,5.55,0.7549,1.37,2.58,http://www.sec.gov/cgi-bin/browse-edgar?action=getcompany&CIK=FMC
FTI,FMC Technologies,Energy,35.05,,16.21,2.16,10.98,27.94,57.87,7.99,1.13,1.14,3.23,http://www.sec.gov/cgi-bin/browse-edgar?action=getcompany&CIK=FTI
F,Ford Motor,Consumer Discretionary,14.565,4.050,12.188,1.195,6.921,10.440,16.740,57.80,13.26,0.400,2.117,http://www.sec.gov/cgi-bin/browse-edgar?action=getcompany&CIK=F
FOSL,Fossil Group,Consumer Discretionary,55.67,,8.07,6.89,17.25,51.58,115.20,2.68,0.62821,0.76,3.12,http://www.sec.gov/cgi-bin/browse-edgar?action=getcompany&CIK=FOSL
BEN,Franklin Resources,Financials,41.58,1.45,12.64,3.29,19.66,36.10,59.43,25.09,3.08,3.12,2.09,http://www.sec.gov/cgi-bin/browse-edgar?action=getcompany&CIK=BEN
FCX,Freeport-McMoRan,Materials,11.48,1.61,,-10.51,9.95,7.76,29.92,12.63,5.40,0.76,1.21,http://www.sec.gov/cgi-bin/browse-edgar?action=getcompany&CIK=FCX
FTR,Frontier Communications,Telecommunication Services,4.70,8.73,,-0.14,5.01,4.19,8.46,5.49,2.28,1.02,0.95,http://www.sec.gov/cgi-bin/browse-edgar?action=getcompany&CIK=FTR
GME,GameStop Corp,Consumer Discretionary,46.89,3.08,12.85,3.65,18.58,31.69,47.83,4.95,0.82,0.53,2.52,http://www.sec.gov/cgi-bin/browse-edgar?action=getcompany&CIK=GME
GPS,Gap,Consumer Discretionary,28.32,3.25,10.69,2.65,6.51,25.97,43.90,11.52,2.40,0.70,4.30,http://www.sec.gov/cgi-bin/browse-edgar?action=getcompany&CIK=GPS
GRMN,Garmin Ltd,Consumer Discretionary,37.16,5.75,13.32,2.79,16.99,31.32,60.19,7.07,0.65965,2.45,2.15,http://www.sec.gov/cgi-bin/browse-edgar?action=getcompany&CIK=GRMN
GM,General Motors,Consumer Discretionary,35.42,4.02,12.99,2.73,21.65,24.62,38.99,55.12,13.45,0.36,1.64,http://www.sec.gov/cgi-bin/browse-edgar?action=getcompany&CIK=GM
GD,Genl Dynamics,Industrials,147.24,1.88,16.80,8.77,33.90,130.91,153.76,46.63,4.66,1.46,4.35,http://www.sec.gov/cgi-bin/browse-edgar?action=getcompany&CIK=GD
GE,Genl Electric,Industrials,29.68,3.11,,-0.73,11.00,19.37,29.83,300.04,28.42,2.04,2.69,http://www.sec.gov/cgi-bin/browse-edgar?action=getcompany&CIK=GE
GGP,Genl Growth Properties,Financials,28.80,2.65,18.91,1.52,9.05,24.22,31.70,25.48,1.75,10.00,3.17,http://www.sec.gov/cgi-bin/browse-edgar?action=getcompany&CIK=GGP
GIS,Genl Mills,Consumer Staples,57.59,3.07,27.31,2.11,8.26,47.50,59.87,34.42,3.45,1.95,6.94,http://www.sec.gov/cgi-bin/browse-edgar?action=getcompany&CIK=GIS
GPC,Genuine Parts,Consumer Discretionary,91.97,2.69,19.83,4.64,20.87,78.76,109.00,13.92,1.28,0.90,4.38,http://www.sec.gov/cgi-bin/browse-edgar?action=getcompany&CIK=GPC
GNW,Genworth Financial,Financials,4.445,0.000,,-2.188,27.322,4.230,10.300,2.21,0.55,0.238,0.166,http://www.sec.gov/cgi-bin/browse-edgar?action=getcompany&CIK=GNW
GILD,Gilead Sciences,Health Care,107.89,1.58,9.91,10.89,12.39,85.95,123.37,156.33,22.40,5.02,8.80,http://www.sec.gov/cgi-bin/browse-edgar?action=getcompany&CIK=GILD
GS,Goldman Sachs Group,Financials,192.18,1.36,12.62,15.22,169.33,167.49,218.77,85.75,0.00,2.50,1.13,http://www.sec.gov/cgi-bin/browse-edgar?action=getcompany&CIK=GS
GT,Goodyear Tire & Rub,Consumer Discretionary,32.805,0.900,3.197,10.261,15.407,23.740,33.750,8.82,2.42,0.529,2.136,http://www.sec.gov/cgi-bin/browse-edgar?action=getcompany&CIK=GT
GOOGL,Google,Information Technology,761.63,,32.11,23.72,169.03,490.91,766.35,523.79,23.31,7.24,4.47,http://www.sec.gov/cgi-bin/browse-edgar?action=getcompany&CIK=GOOGL
GWW,Grainger (W.W.),Industrials,209.6549,2.2200,18.4507,11.3630,37.6060,194.4200,261.5700,13.16,1.59,1.3145,5.5704,http://www.sec.gov/cgi-bin/browse-edgar?action=getcompany&CIK=GWW
HRB,H & R Block,Consumer Discretionary,37.32,2.14,21.16,1.76,6.04,29.15,37.53,10.31,0.94824,3.30,6.09,http://www.sec.gov/cgi-bin/browse-edgar?action=getcompany&CIK=HRB
HAL,Halliburton Co,Energy,38.46,1.80,127.35,0.30,18.07,30.93,58.00,32.91,4.88,1.23,2.17,http://www.sec.gov/cgi-bin/browse-edgar?action=getcompany&CIK=HAL
HBI,Hanesbrands,Consumer Discretionary,32.83,1.21,33.43,0.98,3.19,25.92,34.80,12.86,0.96001,2.19,10.27,http://www.sec.gov/cgi-bin/browse-edgar?action=getcompany&CIK=HBI
HOG,Harley-Davidson,Consumer Discretionary,49.50,2.49,13.24,3.74,12.57,46.47,70.41,10.08,1.38,1.65,3.89,http://www.sec.gov/cgi-bin/browse-edgar?action=getcompany&CIK=HOG
HAR,Harman International,Consumer Discretionary,110.265,1.260,22.693,4.859,33.110,84.410,149.120,7.84,0.73842,1.228,3.317,http://www.sec.gov/cgi-bin/browse-edgar?action=getcompany&CIK=HAR
HRS,Harris Corp,Information Technology,79.50,2.47,25.02,3.18,28.04,66.15,84.78,9.82,1.21,1.72,2.85,http://www.sec.gov/cgi-bin/browse-edgar?action=getcompany&CIK=HRS
HIG,Hartford Finl Services Gp,Financials,46.88,1.80,12.32,3.80,44.26,38.65,50.95,19.20,2.62,1.04,1.05,http://www.sec.gov/cgi-bin/browse-edgar?action=getcompany&CIK=HIG
HAS,Hasbro,Consumer Discretionary,77.09,2.38,21.92,3.52,12.33,51.42,84.42,9.64,0.8219299999999999,2.25,6.24,http://www.sec.gov/cgi-bin/browse-edgar?action=getcompany&CIK=HAS
HCA,HCA Holdings,Health Care,68.69,0.00,14.36,4.78,-17.68,43.91,95.49,28.00,7.69,0.72,,http://www.sec.gov/cgi-bin/browse-edgar?action=getcompany&CIK=HCA
HCP,HCP,Financials,35.77,5.99,71.68,0.50,21.89,35.27,49.61,16.61,1.79,6.66,1.62,http://www.sec.gov/cgi-bin/browse-edgar?action=getcompany&CIK=HCP
HCN,Health Care REIT,Financials,64.81,5.09,25.40,2.55,38.64,61.00,84.88,22.93,1.83,6.32,1.68,http://www.sec.gov/cgi-bin/browse-edgar?action=getcompany&CIK=HCN
HP,Helmerich & Payne,Energy,58.99,4.51,10.55,5.59,46.64,46.16,89.35,6.36,1.52,1.81,1.29,http://www.sec.gov/cgi-bin/browse-edgar?action=getcompany&CIK=HP
HSY,Hershey Co,Consumer Staples,87.68,2.65,38.75,2.26,4.10,82.41,111.35,19.01,1.71,2.54,21.39,http://www.sec.gov/cgi-bin/browse-edgar?action=getcompany&CIK=HSY
HES,Hess Corp,Energy,62.14,1.74,,-4.41,75.24,47.84,86.10,17.62,3.17,2.23,0.80,http://www.sec.gov/cgi-bin/browse-edgar?action=getcompany&CIK=HES
HPQ,Hewlett-Packard,Information Technology,14.02,2.61,5.74,2.44,15.01,11.04,18.66,25.21,12.76,0.24,0.94,http://www.sec.gov/cgi-bin/browse-edgar?action=getcompany&CIK=HPQ
HD,Home Depot,Consumer Discretionary,125.82,1.88,24.54,5.13,6.73,92.17,126.04,161.57,12.69,1.89,18.64,http://www.sec.gov/cgi-bin/browse-edgar?action=getcompany&CIK=HD
HON,Honeywell International,Industrials,103.58,2.30,18.14,5.71,23.04,87.00,107.41,79.83,7.22,2.05,4.49,http://www.sec.gov/cgi-bin/browse-edgar?action=getcompany&CIK=HON
HRL,Hormel Foods,Consumer Staples,67.57,1.48,27.25,2.48,14.88,50.06,68.97,17.87,1.18,1.89,4.52,http://www.sec.gov/cgi-bin/browse-edgar?action=getcompany&CIK=HRL
HSP,Hospira,Health Care,,,,2.39,,,,,,,,http://www.sec.gov/cgi-bin/browse-edgar?action=getcompany&CIK=HSP
HST,Host Hotels & Resorts,Financials,17.76,4.57,20.60,0.86,9.43,15.36,24.50,13.35,1.39,2.46,1.87,http://www.sec.gov/cgi-bin/browse-edgar?action=getcompany&CIK=HST
HCBK,Hudson City Bancorp,Financials,10.12,1.58,43.06,0.23,9.62,8.79,10.77,5.07,0.00,10.64,1.05,http://www.sec.gov/cgi-bin/browse-edgar?action=getcompany&CIK=HCBK
HUM,Humana,Health Care,179.835,0.650,21.282,8.450,68.062,129.310,219.790,26.64,2.60,0.503,2.599,http://www.sec.gov/cgi-bin/browse-edgar?action=getcompany&CIK=HUM
HBAN,Huntington Bancshares,Financials,11.33,2.52,14.34,0.79,7.78,9.63,11.90,9.03,0.00,3.10,1.44,http://www.sec.gov/cgi-bin/browse-edgar?action=getcompany&CIK=HBAN
ITW,Illinois Tool Works,Industrials,93.06,2.35,18.44,5.05,13.99,78.79,100.14,33.83,3.35,2.48,6.64,http://www.sec.gov/cgi-bin/browse-edgar?action=getcompany&CIK=ITW
IR,Ingersoll-Rand Plc,Industrials,59.84,1.94,23.43,2.55,21.96,49.74,70.93,15.62,1.77,1.18,2.71,http://www.sec.gov/cgi-bin/browse-edgar?action=getcompany&CIK=IR
INTC,Intel Corp,Information Technology,33.975,2.810,14.607,2.326,12.071,24.870,37.900,160.33,23.32,2.921,2.829,http://www.sec.gov/cgi-bin/browse-edgar?action=getcompany&CIK=INTC
ICE,Intercontinental Exchange,Financials,261.35,1.15,24.59,10.63,112.18,202.24,262.68,30.07,2.12,9.18,2.32,http://www.sec.gov/cgi-bin/browse-edgar?action=getcompany&CIK=ICE
IBM,International Bus. Machines,Information Technology,139.93,3.67,9.74,14.37,13.70,137.33,176.30,135.75,21.41,1.64,10.33,http://www.sec.gov/cgi-bin/browse-edgar?action=getcompany&CIK=IBM
IFF,International Flavors/Fragr,Materials,115.88,1.93,21.95,5.28,20.10,97.08,123.08,9.34,0.66376,3.05,5.78,http://www.sec.gov/cgi-bin/browse-edgar?action=getcompany&CIK=IFF
IP,International Paper,Materials,42.089,4.050,19.985,2.106,10.477,37.110,57.900,17.47,3.71,0.772,4.057,http://www.sec.gov/cgi-bin/browse-edgar?action=getcompany&CIK=IP
IPG,Interpublic GroupCompanies,Consumer Discretionary,22.78,2.06,18.81,1.21,4.59,18.16,23.63,9.26,1.01,1.23,5.01,http://www.sec.gov/cgi-bin/browse-edgar?action=getcompany&CIK=IPG
INTU,Intuit,Information Technology,97.72,1.23,76.22,1.28,8.40,79.63,109.21,27.10,1.09,6.54,11.77,http://www.sec.gov/cgi-bin/browse-edgar?action=getcompany&CIK=INTU
ISRG,Intuitive Surgical,Health Care,500.02,,34.49,14.50,110.33,447.00,564.86,18.68,0.7846000000000001,8.16,4.55,http://www.sec.gov/cgi-bin/browse-edgar?action=getcompany&CIK=ISRG
IVZ,INVESCO Ltd,Financials,33.915,3.210,14.149,2.397,19.093,30.210,42.050,14.38,1.48,2.755,1.757,http://www.sec.gov/cgi-bin/browse-edgar?action=getcompany&CIK=IVZ
IRM,Iron Mountain,Financials,31.395,6.050,51.132,0.614,2.877,26.490,41.530,6.63,0.90255,2.186,10.918,http://www.sec.gov/cgi-bin/browse-edgar?action=getcompany&CIK=IRM
JEC,Jacobs Engineering Group,Industrials,41.83,,14.95,2.80,35.06,36.05,49.90,5.18,0.8402000000000001,0.42,1.19,http://www.sec.gov/cgi-bin/browse-edgar?action=getcompany&CIK=JEC
JNJ,Johnson & Johnson,Health Care,102.46,2.94,19.66,5.21,25.86,81.79,109.49,283.50,22.55,4.00,3.94,http://www.sec.gov/cgi-bin/browse-edgar?action=getcompany&CIK=JNJ
JCI,Johnson Controls,Consumer Discretionary,45.14,2.31,19.07,2.37,16.03,38.48,54.52,29.22,3.32,0.78,2.81,http://www.sec.gov/cgi-bin/browse-edgar?action=getcompany&CIK=JCI
JOY,Joy Global,Industrials,17.72,4.41,7.14,2.48,28.15,14.02,55.40,1.73,0.5444,0.49,0.62,http://www.sec.gov/cgi-bin/browse-edgar?action=getcompany&CIK=JOY
JPM,JPMorgan Chase & Co,Financials,66.5325,2.6800,11.3208,5.8770,59.6800,50.0700,70.6100,244.88,0.00,2.7207,1.1034,http://www.sec.gov/cgi-bin/browse-edgar?action=getcompany&CIK=JPM
JNPR,Juniper Networks,Information Technology,31.38,1.24,,-1.02,11.05,20.13,32.39,12.06,0.8807,2.69,2.86,http://www.sec.gov/cgi-bin/browse-edgar?action=getcompany&CIK=JNPR
KSU,Kansas City Southern,Industrials,88.72,1.52,20.16,4.40,35.45,81.54,126.49,9.68,1.09,3.86,2.46,http://www.sec.gov/cgi-bin/browse-edgar?action=getcompany&CIK=KSU
K,Kellogg Co,Consumer Staples,69.37,2.83,68.48,1.05,7.52,61.13,72.34,24.56,1.62,1.75,9.13,http://www.sec.gov/cgi-bin/browse-edgar?action=getcompany&CIK=K
GMCR,Keurig Green Mountain,Consumer Staples,52.54,2.10,15.53,3.38,18.14,45.25,158.87,8.09,1.12,1.68,2.80,http://www.sec.gov/cgi-bin/browse-edgar?action=getcompany&CIK=GMCR
KEY,KeyCorp,Financials,13.03,2.35,12.19,1.07,12.47,12.04,15.70,10.88,0.00,2.61,1.03,http://www.sec.gov/cgi-bin/browse-edgar?action=getcompany&CIK=KEY
KMB,Kimberly-Clark,Consumer Staples,119.7901,2.9000,74.3115,1.6120,0.1490,103.0400,122.7300,43.48,4.22,2.3045,804.4295,http://www.sec.gov/cgi-bin/browse-edgar?action=getcompany&CIK=KMB
KIM,Kimco Realty,Financials,26.95,3.53,17.80,1.51,12.04,22.07,28.54,11.13,0.69717,10.10,2.23,http://www.sec.gov/cgi-bin/browse-edgar?action=getcompany&CIK=KIM
KMI,Kinder Morgan,Energy,25.90,7.66,49.15,0.53,15.94,25.57,44.71,57.80,6.43,4.06,1.68,http://www.sec.gov/cgi-bin/browse-edgar?action=getcompany&CIK=KMI
KLAC,KLA-Tencor Corp,Information Technology,66.98,3.13,27.10,2.47,1.89,44.95,84.21,10.45,0.83499,3.70,35.40,http://www.sec.gov/cgi-bin/browse-edgar?action=getcompany&CIK=KLAC
KSS,Kohl's Corp,Consumer Discretionary,46.705,3.800,12.236,3.817,28.964,43.450,79.600,9.08,2.57,0.471,1.595,http://www.sec.gov/cgi-bin/browse-edgar?action=getcompany&CIK=KSS
KRFT,Kraft Foods Group,Consumer Staples,88.19,2.50,,1.61,0.00,53.33,91.32,,0.00,,,http://www.sec.gov/cgi-bin/browse-edgar?action=getcompany&CIK=KRFT
KR,Kroger Co,Consumer Staples,37.07,1.11,19.11,1.94,6.12,27.32,39.43,36.09,5.54,0.33,6.05,http://www.sec.gov/cgi-bin/browse-edgar?action=getcompany&CIK=KR
LB,L Brands,Consumer Discretionary,99.11,2.07,25.70,3.86,-2.23,74.75,101.11,28.78,2.46,2.49,,http://www.sec.gov/cgi-bin/browse-edgar?action=getcompany&CIK=LB
LLL,L-3 Communications Holdings,Industrials,122.995,2.100,78.742,1.562,58.022,101.110,132.920,9.64,1.22,0.836,2.121,http://www.sec.gov/cgi-bin/browse-edgar?action=getcompany&CIK=LLL
LH,Laboratory Corp American Holdings,Health Care,121.91,0.00,26.57,4.59,48.55,98.54,131.19,12.34,1.57,1.60,2.54,http://www.sec.gov/cgi-bin/browse-edgar?action=getcompany&CIK=LH
LRCX,Lam Research,Information Technology,76.96,1.57,16.91,4.55,33.89,61.20,85.70,12.17,1.32,2.13,2.27,http://www.sec.gov/cgi-bin/browse-edgar?action=getcompany&CIK=LRCX
LM,Legg Mason,Financials,45.81,1.74,16.19,2.83,41.06,40.21,59.19,5.03,0.60689,1.77,1.10,http://www.sec.gov/cgi-bin/browse-edgar?action=getcompany&CIK=LM
LEG,Leggett & Platt,Consumer Discretionary,46.34,2.77,24.95,1.86,8.09,39.38,51.28,6.31,0.5466,1.60,5.70,http://www.sec.gov/cgi-bin/browse-edgar?action=getcompany&CIK=LEG
LEN,Lennar Corp,Consumer Discretionary,49.045,0.320,14.781,3.318,25.513,41.250,56.040,10.32,1.14,1.154,1.959,http://www.sec.gov/cgi-bin/browse-edgar?action=getcompany&CIK=LEN
LUK,Leucadia National,Financials,19.35,1.25,16.67,1.16,29.06,19.12,25.39,7.09,1.74,0.58,0.69,http://www.sec.gov/cgi-bin/browse-edgar?action=getcompany&CIK=LUK
LVLT,Level 3 Communications,Telecommunication Services,50.815,,100.030,0.508,19.056,40.860,57.080,18.08,2.47,2.256,2.692,http://www.sec.gov/cgi-bin/browse-edgar?action=getcompany&CIK=LVLT
LLY,Lilly (Eli),Health Care,80.70,2.45,36.38,2.22,14.34,66.25,92.85,85.65,5.31,4.37,5.65,http://www.sec.gov/cgi-bin/browse-edgar?action=getcompany&CIK=LLY
LNC,Lincoln National,Financials,55.155,1.830,11.723,4.705,58.194,45.560,62.080,13.65,1.71,0.969,0.943,http://www.sec.gov/cgi-bin/browse-edgar?action=getcompany&CIK=LNC
LLTC,Linear Technology Corp,Information Technology,44.32,2.69,21.62,2.05,6.47,36.41,49.57,10.85,0.71238,7.57,6.91,http://www.sec.gov/cgi-bin/browse-edgar?action=getcompany&CIK=LLTC
LMT,Lockheed Martin,Industrials,218.79,3.02,19.41,11.27,9.15,181.91,225.15,67.23,5.95,1.47,23.91,http://www.sec.gov/cgi-bin/browse-edgar?action=getcompany&CIK=LMT
L,Loews Corp,Financials,37.24,0.67,20.62,1.81,51.92,34.40,43.72,13.29,3.07,0.97,0.71,http://www.sec.gov/cgi-bin/browse-edgar?action=getcompany&CIK=L
LOW,Lowe'sCompanies,Consumer Discretionary,73.65,1.52,25.00,2.95,9.36,56.97,76.25,68.14,6.71,1.17,7.81,http://www.sec.gov/cgi-bin/browse-edgar?action=getcompany&CIK=LOW
LYB,LyondellBasell Industries,Materials,95.00,3.27,10.19,9.32,16.18,70.06,107.32,42.70,7.13,1.19,5.90,http://www.sec.gov/cgi-bin/browse-edgar?action=getcompany&CIK=LYB
MTB,M&T Bank,Financials,120.54,2.33,16.12,7.48,87.69,111.50,134.00,16.07,0.00,3.62,1.36,http://www.sec.gov/cgi-bin/browse-edgar?action=getcompany&CIK=MTB
MAC,Macerich Co,Financials,85.82,3.19,9.01,9.53,34.24,67.59,95.93,13.60,0.79987,10.17,2.48,http://www.sec.gov/cgi-bin/browse-edgar?action=getcompany&CIK=MAC
M,Macy's,Consumer Discretionary,50.45,2.81,12.41,4.07,14.64,47.10,73.61,16.70,3.76,0.60,3.45,http://www.sec.gov/cgi-bin/browse-edgar?action=getcompany&CIK=M
MNK,Mallinckrodt plc,Health Care,66.60,,,-0.98,45.18,55.30,134.26,7.81,1.22,2.35,1.56,http://www.sec.gov/cgi-bin/browse-edgar?action=getcompany&CIK=MNK
MRO,Marathon Oil,Energy,19.01,3.58,18.49,1.03,29.86,14.03,35.02,12.87,2.90,1.58,0.65,http://www.sec.gov/cgi-bin/browse-edgar?action=getcompany&CIK=MRO
MPC,Marathon Petroleum,Energy,55.64,2.34,8.81,6.32,22.99,37.62,60.38,29.65,7.10,0.41,2.38,http://www.sec.gov/cgi-bin/browse-edgar?action=getcompany&CIK=MPC
MAR,Marriott International,Consumer Discretionary,76.725,1.300,25.090,3.058,-13.938,63.950,85.000,19.73,1.45,6.949,,http://www.sec.gov/cgi-bin/browse-edgar?action=getcompany&CIK=MAR
MMC,Marsh & McLennan,Financials,56.30,2.20,20.04,2.81,11.97,50.90,59.99,29.37,2.77,2.29,4.70,http://www.sec.gov/cgi-bin/browse-edgar?action=getcompany&CIK=MMC
MLM,Martin Marietta Materials,Materials,155.25,1.13,39.09,3.03,63.66,103.09,178.67,10.37,0.7443200000000001,2.98,2.29,http://www.sec.gov/cgi-bin/browse-edgar?action=getcompany&CIK=MLM
MAS,Masco Corp,Industrials,29.23,1.29,27.06,1.08,-0.48,19.80,29.55,9.70,1.09,1.12,,http://www.sec.gov/cgi-bin/browse-edgar?action=getcompany&CIK=MAS
MA,MasterCard,Information Technology,100.65,0.64,30.90,3.26,5.57,74.61,101.65,113.01,5.49,11.76,18.03,http://www.sec.gov/cgi-bin/browse-edgar?action=getcompany&CIK=MA
MAT,Mattel,Consumer Discretionary,24.79,6.09,28.01,0.88,7.58,19.45,31.91,8.41,0.83413,1.48,3.28,http://www.sec.gov/cgi-bin/browse-edgar?action=getcompany&CIK=MAT
MKC,McCormick & Co,Consumer Staples,85.76,1.88,27.80,3.09,13.63,70.70,86.21,10.98,0.6871,2.55,6.24,http://www.sec.gov/cgi-bin/browse-edgar?action=getcompany&CIK=MKC
MCD,McDonald's Corp,Consumer Discretionary,112.875,3.030,24.442,4.618,11.213,87.500,113.960,106.31,8.92,4.128,10.024,http://www.sec.gov/cgi-bin/browse-edgar?action=getcompany&CIK=MCD
MHFI,McGraw Hill Financial,Financials,97.62,1.35,422.60,0.23,2.61,84.64,109.13,26.39,2.17,5.03,37.35,http://www.sec.gov/cgi-bin/browse-edgar?action=getcompany&CIK=MHFI
MCK,McKesson Corp,Health Care,185.90,0.61,24.32,7.64,38.19,160.10,243.61,42.78,4.21,0.22,4.76,http://www.sec.gov/cgi-bin/browse-edgar?action=getcompany&CIK=MCK
MJN,Mead Johnson Nutrition,Consumer Staples,83.13,1.96,24.74,3.36,1.78,69.20,105.45,16.39,1.07,3.92,46.82,http://www.sec.gov/cgi-bin/browse-edgar?action=getcompany&CIK=MJN
MDT,Medtronic Plc,Health Care,76.20,1.99,35.38,2.15,37.36,55.54,79.50,107.72,7.02,4.66,2.04,http://www.sec.gov/cgi-bin/browse-edgar?action=getcompany&CIK=MDT
MRK,Merck & Co,Health Care,55.055,3.270,14.607,3.769,16.448,45.690,63.620,155.07,14.55,3.933,3.376,http://www.sec.gov/cgi-bin/browse-edgar?action=getcompany&CIK=MRK
MET,MetLife,Financials,49.88,2.92,8.44,5.91,62.12,44.49,58.23,55.71,10.83,0.78,0.81,http://www.sec.gov/cgi-bin/browse-edgar?action=getcompany&CIK=MET
KORS,Michael Kors Holdings,Consumer Discretionary,43.46,,10.24,4.25,10.84,36.63,78.55,8.38,1.38,1.85,3.93,http://www.sec.gov/cgi-bin/browse-edgar?action=getcompany&CIK=KORS
MCHP,Microchip Technology,Information Technology,47.85,2.93,25.92,1.85,10.37,37.77,52.44,10.10,0.73017,4.81,4.72,http://www.sec.gov/cgi-bin/browse-edgar?action=getcompany&CIK=MCHP
MU,Micron Technology,Information Technology,16.4299,0.0000,6.6383,2.4750,11.8400,13.5000,36.5900,17.07,5.65,1.1191,1.4730,http://www.sec.gov/cgi-bin/browse-edgar?action=getcompany&CIK=MU
MSFT,Microsoft Corp,Information Technology,54.36,2.66,36.14,1.50,9.70,39.72,54.88,434.22,32.44,4.79,5.61,http://www.sec.gov/cgi-bin/browse-edgar?action=getcompany&CIK=MSFT
MHK,Mohawk Industries,Consumer Discretionary,197.49,,,49.90,62.35,139.13,212.16,14.60,1.24,1.86,3.18,http://www.sec.gov/cgi-bin/browse-edgar?action=getcompany&CIK=MHK
TAP,Molson Coors Brewing,Consumer Staples,87.80,1.87,44.43,1.98,40.96,63.91,89.00,16.25,0.7272000000000001,4.20,2.13,http://www.sec.gov/cgi-bin/browse-edgar?action=getcompany&CIK=TAP
MDLZ,Mondelez International,Consumer Staples,45.85,1.47,8.94,5.13,18.77,33.97,48.58,72.86,4.83,2.34,2.44,http://www.sec.gov/cgi-bin/browse-edgar?action=getcompany&CIK=MDLZ
MON,Monsanto Co,Materials,93.90,2.26,19.53,4.81,14.94,81.22,126.00,41.30,4.73,2.78,6.35,http://www.sec.gov/cgi-bin/browse-edgar?action=getcompany&CIK=MON
MNST,Monster Beverage,Consumer Staples,132.26,,48.64,2.72,23.62,99.61,155.83,27.18,0.85235,10.65,5.62,http://www.sec.gov/cgi-bin/browse-edgar?action=getcompany&CIK=MNST
MCO,Moody's Corp,Financials,101.58,1.37,21.76,4.67,-1.22,85.50,113.87,20.08,1.60,5.63,,http://www.sec.gov/cgi-bin/browse-edgar?action=getcompany&CIK=MCO
MS,Morgan Stanley,Financials,33.96,1.80,20.92,1.62,34.52,30.15,41.04,65.81,0.00,1.84,0.97,http://www.sec.gov/cgi-bin/browse-edgar?action=getcompany&CIK=MS
MOS,Mosaic Co,Materials,32.66,2.90,9.90,3.30,27.27,29.61,53.83,11.51,2.39,1.29,1.22,http://www.sec.gov/cgi-bin/browse-edgar?action=getcompany&CIK=MOS
MSI,Motorola Solutions,Information Technology,67.57,1.91,26.87,2.52,8.78,56.40,71.57,13.97,1.24,2.31,7.43,http://www.sec.gov/cgi-bin/browse-edgar?action=getcompany&CIK=MSI
MUR,Murphy Oil,Energy,30.955,5.100,,-7.447,35.007,23.200,55.360,5.33,1.87,1.457,0.869,http://www.sec.gov/cgi-bin/browse-edgar?action=getcompany&CIK=MUR
MYL,Mylan NV,Health Care,44.80,0.00,24.96,1.79,19.96,37.59,76.69,22.03,2.64,2.54,2.33,http://www.sec.gov/cgi-bin/browse-edgar?action=getcompany&CIK=MYL
NDAQ,Nasdaq OMX Group,Financials,58.63,1.69,27.68,2.12,33.23,43.29,59.98,9.79,1.05,2.81,1.75,http://www.sec.gov/cgi-bin/browse-edgar?action=getcompany&CIK=NDAQ
NOV,Natl Oilwell Varco,Energy,39.54,4.76,11.76,3.36,48.24,34.54,74.65,14.86,3.08,0.84,0.83,http://www.sec.gov/cgi-bin/browse-edgar?action=getcompany&CIK=NOV
NAVI,Navient Corp,Financials,13.21,4.78,5.34,2.47,10.72,10.62,22.71,4.79,0.00,2.04,1.25,http://www.sec.gov/cgi-bin/browse-edgar?action=getcompany&CIK=NAVI
NTAP,NetApp,Information Technology,34.215,2.090,24.335,1.406,10.101,28.750,43.670,10.09,0.7205,1.671,3.348,http://www.sec.gov/cgi-bin/browse-edgar?action=getcompany&CIK=NTAP
NFLX,NetFlix,Consumer Discretionary,113.6601,,302.2875,0.3760,5.0710,45.0771,129.2900,48.58,0.37209,7.5678,22.4906,http://www.sec.gov/cgi-bin/browse-edgar?action=getcompany&CIK=NFLX
NWL,Newell Rubbermaid,Consumer Discretionary,43.86,1.73,30.74,1.43,6.64,34.38,44.51,11.79,0.9877999999999999,2.01,6.61,http://www.sec.gov/cgi-bin/browse-edgar?action=getcompany&CIK=NWL
NFX,Newfield Exploration,Energy,38.90,,,-15.39,12.46,22.31,41.34,6.34,1.45,3.69,3.07,http://www.sec.gov/cgi-bin/browse-edgar?action=getcompany&CIK=NFX
NEM,Newmont Mining,Materials,17.45,0.52,18.12,0.96,21.82,15.39,27.90,9.23,3.49,1.27,0.87,http://www.sec.gov/cgi-bin/browse-edgar?action=getcompany&CIK=NEM
NWSA,News Corporation,Consumer Discretionary,15.38,1.30,,-0.26,20.54,12.16,17.55,8.93,0.786,1.04,0.75,http://www.sec.gov/cgi-bin/browse-edgar?action=getcompany&CIK=NWSA
NEE,NextEra Energy,Utilities,102.13,3.01,14.67,6.96,48.46,93.74,112.64,47.03,8.46,2.63,2.13,http://www.sec.gov/cgi-bin/browse-edgar?action=getcompany&CIK=NEE
NKE,NIKE,Consumer Discretionary,131.96,0.85,33.43,3.95,15.10,90.69,133.52,112.46,5.01,3.58,8.63,http://www.sec.gov/cgi-bin/browse-edgar?action=getcompany&CIK=NKE
NI,NiSource,Utilities,19.525,3.240,16.230,1.203,11.947,15.261,19.850,6.21,1.80,1.002,1.620,http://www.sec.gov/cgi-bin/browse-edgar?action=getcompany&CIK=NI
NE,Noble Corp,Energy,13.72,8.97,68.60,0.20,28.39,10.34,22.35,3.32,1.58,1.05,0.49,http://www.sec.gov/cgi-bin/browse-edgar?action=getcompany&CIK=NE
NBL,Noble Energy,Energy,37.625,1.860,,-0.067,29.643,29.130,58.020,15.80,2.58,4.868,1.277,http://www.sec.gov/cgi-bin/browse-edgar?action=getcompany&CIK=NBL
JWN,Nordstrom,Consumer Discretionary,66.76,2.21,17.67,3.78,13.24,63.50,83.16,12.57,1.88,0.89,5.02,http://www.sec.gov/cgi-bin/browse-edgar?action=getcompany&CIK=JWN
NSC,Norfolk Southern,Industrials,80.08,2.93,14.46,5.54,40.62,72.10,117.64,23.91,4.16,2.21,1.98,http://www.sec.gov/cgi-bin/browse-edgar?action=getcompany&CIK=NSC
NTRS,Northern Trust,Financials,73.27,2.01,18.42,3.98,36.31,61.10,79.25,16.94,0.00,3.55,1.99,http://www.sec.gov/cgi-bin/browse-edgar?action=getcompany&CIK=NTRS
NOC,Northrop Grumman,Industrials,186.50,1.71,18.01,10.36,31.16,134.83,193.99,34.01,3.62,1.42,5.97,http://www.sec.gov/cgi-bin/browse-edgar?action=getcompany&CIK=NOC
NRG,NRG Energy,Utilities,13.575,4.300,50.278,0.270,28.378,12.620,33.920,4.49,3.15,0.291,0.496,http://www.sec.gov/cgi-bin/browse-edgar?action=getcompany&CIK=NRG
NUE,Nucor Corp,Materials,42.30,3.43,21.69,1.95,24.03,36.76,55.31,13.57,1.94,0.76,1.78,http://www.sec.gov/cgi-bin/browse-edgar?action=getcompany&CIK=NUE
NVDA,NVIDIA Corp,Information Technology,27.90,1.37,29.68,0.94,7.76,18.94,28.78,15.04,1.04,3.16,3.61,http://www.sec.gov/cgi-bin/browse-edgar?action=getcompany&CIK=NVDA
ORLY,O'Reilly Automotive,Consumer Discretionary,273.70,,31.34,8.73,20.28,175.63,277.96,27.02,1.67,3.46,13.44,http://www.sec.gov/cgi-bin/browse-edgar?action=getcompany&CIK=ORLY
OXY,Occidental Petroleum,Energy,75.70,3.92,,-7.88,39.13,63.60,85.71,57.81,5.95,4.14,1.94,http://www.sec.gov/cgi-bin/browse-edgar?action=getcompany&CIK=OXY
OMC,Omnicom Group,Consumer Discretionary,73.35,2.67,16.82,4.36,10.23,64.12,80.98,17.77,2.23,1.17,7.19,http://www.sec.gov/cgi-bin/browse-edgar?action=getcompany&CIK=OMC
OKE,ONEOK,Energy,31.29,7.22,20.94,1.40,1.98,30.67,59.24,6.55,1.39,0.81,16.94,http://www.sec.gov/cgi-bin/browse-edgar?action=getcompany&CIK=OKE
ORCL,Oracle Corp,Information Technology,40.30,1.49,18.89,2.13,11.00,35.14,46.71,172.03,15.79,4.54,3.68,http://www.sec.gov/cgi-bin/browse-edgar?action=getcompany&CIK=ORCL
OI,Owens-Illinois,Materials,21.515,,,-0.445,4.775,19.410,27.380,3.46,0.874,0.575,4.591,http://www.sec.gov/cgi-bin/browse-edgar?action=getcompany&CIK=OI
PCAR,PACCAR,Industrials,53.42,1.80,11.51,4.64,20.69,49.46,71.15,18.96,2.85,0.94,2.55,http://www.sec.gov/cgi-bin/browse-edgar?action=getcompany&CIK=PCAR
PH,Parker-Hannifin,Industrials,106.10,2.35,16.25,6.53,35.45,93.47,133.41,14.52,1.75,1.18,2.98,http://www.sec.gov/cgi-bin/browse-edgar?action=getcompany&CIK=PH
PDCO,PattersonCompanies,Health Care,48.20,1.84,23.71,2.03,15.23,42.62,53.07,4.79,0.44047000000000003,1.04,3.16,http://www.sec.gov/cgi-bin/browse-edgar?action=getcompany&CIK=PDCO
PAYX,Paychex,Information Technology,52.48,3.25,26.78,1.96,4.97,41.59,52.73,18.92,1.19,6.68,10.43,http://www.sec.gov/cgi-bin/browse-edgar?action=getcompany&CIK=PAYX
PNR,Pentair plc,Industrials,59.28,2.25,21.79,2.72,25.16,48.44,69.65,10.69,1.08,1.63,2.33,http://www.sec.gov/cgi-bin/browse-edgar?action=getcompany&CIK=PNR
PBCT,People's United Financial,Financials,16.41,4.13,19.31,0.85,15.65,13.97,16.95,4.96,0.00,3.98,1.04,http://www.sec.gov/cgi-bin/browse-edgar?action=getcompany&CIK=PBCT
POM,Pepco Holdings,Utilities,26.65,4.06,29.00,0.92,17.15,21.61,27.65,6.76,1.26,1.36,1.56,http://www.sec.gov/cgi-bin/browse-edgar?action=getcompany&CIK=POM
PEP,PepsiCo,Consumer Staples,100.62,2.78,29.86,3.37,9.31,76.48,103.44,146.59,12.10,2.28,10.81,http://www.sec.gov/cgi-bin/browse-edgar?action=getcompany&CIK=PEP
PKI,PerkinElmer,Health Care,52.40,0.53,36.39,1.44,18.71,40.84,54.45,5.94,0.35006,2.69,2.84,http://www.sec.gov/cgi-bin/browse-edgar?action=getcompany&CIK=PKI
PRGO,Perrigo,Health Care,160.62,0.31,158.56,1.01,73.31,142.62,215.73,23.52,1.45,4.75,2.21,http://www.sec.gov/cgi-bin/browse-edgar?action=getcompany&CIK=PRGO
PFE,Pfizer,Health Care,34.25,3.19,25.77,1.33,10.84,28.47,36.46,211.23,19.33,4.39,3.15,http://www.sec.gov/cgi-bin/browse-edgar?action=getcompany&CIK=PFE
PCG,PG&E Corp,Utilities,53.755,3.390,29.682,1.811,33.800,47.330,60.210,26.36,4.13,1.565,1.602,http://www.sec.gov/cgi-bin/browse-edgar?action=getcompany&CIK=PCG
PM,Philip Morris International,Consumer Staples,88.04,4.62,18.94,4.65,-8.77,75.27,90.08,136.40,12.08,4.94,,http://www.sec.gov/cgi-bin/browse-edgar?action=getcompany&CIK=PM
PSX,Phillips 66,Energy,93.69,2.42,10.94,8.56,43.48,57.33,94.12,49.98,5.81,0.51,2.15,http://www.sec.gov/cgi-bin/browse-edgar?action=getcompany&CIK=PSX
PNW,Pinnacle West Capital,Utilities,64.72,3.91,17.96,3.60,41.98,56.01,73.31,7.17,1.36,2.07,1.55,http://www.sec.gov/cgi-bin/browse-edgar?action=getcompany&CIK=PNW
PXD,Pioneer Natural Resources,Energy,145.565,0.060,27.988,5.201,60.275,105.830,181.970,21.69,2.21,6.553,2.404,http://www.sec.gov/cgi-bin/browse-edgar?action=getcompany&CIK=PXD
PBI,Pitney Bowes,Industrials,21.09,3.50,11.08,1.90,0.71,18.59,25.68,4.18,0.83065,1.16,29.62,http://www.sec.gov/cgi-bin/browse-edgar?action=getcompany&CIK=PBI
PCL,Plum Creek Timber,Financials,41.11,4.27,31.21,1.32,8.68,36.95,45.26,7.14,0.528,4.38,4.73,http://www.sec.gov/cgi-bin/browse-edgar?action=getcompany&CIK=PCL
PNC,PNC Financial Services,Financials,92.72,2.22,12.58,7.37,81.37,81.84,100.52,47.29,0.00,3.12,1.13,http://www.sec.gov/cgi-bin/browse-edgar?action=getcompany&CIK=PNC
PPG,PPG Indus,Materials,103.25,1.38,24.27,4.26,18.98,82.93,118.95,27.80,2.50,1.82,5.47,http://www.sec.gov/cgi-bin/browse-edgar?action=getcompany&CIK=PPG
PPL,PPL Corp,Utilities,34.24,4.42,23.61,1.45,15.22,29.18,38.14,23.04,4.81,2.02,2.27,http://www.sec.gov/cgi-bin/browse-edgar?action=getcompany&CIK=PPL
PX,Praxair,Materials,113.52,2.52,23.15,4.90,14.97,98.55,132.95,32.34,3.63,2.88,7.55,http://www.sec.gov/cgi-bin/browse-edgar?action=getcompany&CIK=PX
PCP,Precision Castparts,Industrials,230.809,0.050,24.484,9.427,81.594,186.170,245.050,31.74,2.68,3.286,2.830,http://www.sec.gov/cgi-bin/browse-edgar?action=getcompany&CIK=PCP
PCLN,Priceline Group (The),Consumer Discretionary,1461.09,,32.54,44.91,167.37,990.69,1476.52,74.08,3.27,8.47,8.78,http://www.sec.gov/cgi-bin/browse-edgar?action=getcompany&CIK=PCLN
PFG,Principal Financial Group,Financials,50.984,2.960,12.435,4.100,32.778,41.670,58.020,14.93,1.81,1.233,1.550,http://www.sec.gov/cgi-bin/browse-edgar?action=getcompany&CIK=PFG
PG,Procter & Gamble,Consumer Staples,76.38,3.44,28.75,2.66,22.50,65.02,93.89,207.80,18.21,2.83,3.42,http://www.sec.gov/cgi-bin/browse-edgar?action=getcompany&CIK=PG
PGR,"Progressive Corp,Ohio",Financials,32.40,2.06,14.65,2.21,12.76,25.23,33.95,18.94,2.23,0.94,2.60,http://www.sec.gov/cgi-bin/browse-edgar?action=getcompany&CIK=PGR
PLD,Prologis,Financials,43.15,3.70,19.52,2.21,27.76,36.26,47.56,22.62,1.34,10.45,1.55,http://www.sec.gov/cgi-bin/browse-edgar?action=getcompany&CIK=PLD
PRU,Prudential Financial,Financials,84.30,2.76,15.66,5.38,92.33,73.19,92.60,38.02,8.76,0.62,0.91,http://www.sec.gov/cgi-bin/browse-edgar?action=getcompany&CIK=PRU
PSA,Public Storage,Financials,231.57,2.91,38.85,5.96,29.49,178.42,235.33,40.03,1.72,16.46,7.86,http://www.sec.gov/cgi-bin/browse-edgar?action=getcompany&CIK=PSA
PEG,Public Svc Enterprises,Utilities,40.69,3.80,11.18,3.64,25.59,38.16,44.45,20.59,4.56,1.91,1.61,http://www.sec.gov/cgi-bin/browse-edgar?action=getcompany&CIK=PEG
PHM,PulteGroup,Consumer Discretionary,18.145,1.730,13.653,1.329,13.094,17.520,23.360,6.34,0.7542000000000001,1.115,1.401,http://www.sec.gov/cgi-bin/browse-edgar?action=getcompany&CIK=PHM
PVH,PVH Corp,Consumer Discretionary,95.05,0.16,16.06,5.92,53.36,87.12,129.17,7.85,0.9532999999999999,0.94,1.73,http://www.sec.gov/cgi-bin/browse-edgar?action=getcompany&CIK=PVH
QEP,QEP Resources,Energy,16.15,0.49,5.17,3.12,22.48,11.20,26.58,2.85,1.34,1.16,0.71,http://www.sec.gov/cgi-bin/browse-edgar?action=getcompany&CIK=QEP
QRVO,Qorvo,Information Technology,45.24,,32.09,1.41,41.35,42.24,88.35,6.76,0.57951,3.37,1.13,http://www.sec.gov/cgi-bin/browse-edgar?action=getcompany&CIK=QRVO
QCOM,QUALCOMM,Information Technology,51.05,3.15,13.97,3.65,21.04,49.92,75.72,80.21,9.10,3.57,2.86,http://www.sec.gov/cgi-bin/browse-edgar?action=getcompany&CIK=QCOM
PWR,Quanta Services,Industrials,20.76,,17.34,1.20,20.37,18.46,34.34,4.24,0.65043,0.51,0.98,http://www.sec.gov/cgi-bin/browse-edgar?action=getcompany&CIK=PWR
DGX,Quest Diagnostics,Health Care,68.69,2.20,14.07,4.88,31.87,60.07,89.00,9.85,1.49,1.32,2.17,http://www.sec.gov/cgi-bin/browse-edgar?action=getcompany&CIK=DGX
RL,Ralph Lauren Corp,Consumer Discretionary,131.345,1.800,19.242,6.826,44.422,103.290,187.490,11.25,1.24,1.292,2.557,http://www.sec.gov/cgi-bin/browse-edgar?action=getcompany&CIK=RL
RRC,Range Resources,Energy,35.365,0.520,,-0.681,18.568,27.550,74.640,5.88,1.23,4.184,1.835,http://www.sec.gov/cgi-bin/browse-edgar?action=getcompany&CIK=RRC
RTN,Raytheon Co,Industrials,119.04,2.26,17.52,6.79,33.71,95.32,119.89,35.84,3.29,1.55,3.52,http://www.sec.gov/cgi-bin/browse-edgar?action=getcompany&CIK=RTN
O,Realtyome,Financials,49.92,4.56,45.59,1.10,23.71,43.15,55.54,12.46,0.8998200000000001,12.25,2.09,http://www.sec.gov/cgi-bin/browse-edgar?action=getcompany&CIK=O
RHT,Red Hat,Information Technology,81.61,,78.40,1.04,7.48,57.87,83.00,14.92,0.36108999999999997,7.92,11.03,http://www.sec.gov/cgi-bin/browse-edgar?action=getcompany&CIK=RHT
REGN,Regeneron Pharmaceuticals,Health Care,564.52,,142.41,3.96,32.45,367.78,605.93,58.08,1.11,17.09,17.38,http://www.sec.gov/cgi-bin/browse-edgar?action=getcompany&CIK=REGN
RF,Regions Financial,Financials,9.735,2.520,14.129,0.689,12.359,8.540,10.870,12.69,0.00,2.524,0.776,http://www.sec.gov/cgi-bin/browse-edgar?action=getcompany&CIK=RF
RSG,Republic Services,Industrials,43.875,2.730,24.718,1.775,22.433,38.350,44.900,15.24,2.39,1.680,1.949,http://www.sec.gov/cgi-bin/browse-edgar?action=getcompany&CIK=RSG
RAI,Reynolds American,Consumer Staples,46.055,3.130,17.366,2.652,12.929,31.350,49.560,65.82,3.50,6.696,3.535,http://www.sec.gov/cgi-bin/browse-edgar?action=getcompany&CIK=RAI
RHI,Robert Half International,Industrials,52.24,1.50,20.02,2.61,7.67,49.15,63.27,6.86,0.6219199999999999,1.38,6.88,http://www.sec.gov/cgi-bin/browse-edgar?action=getcompany&CIK=RHI
ROK,Rockwell Automation,Industrials,109.06,2.36,17.05,6.40,19.06,98.47,127.05,14.63,1.37,2.27,5.75,http://www.sec.gov/cgi-bin/browse-edgar?action=getcompany&CIK=ROK
COL,Rockwell Collins,Industrials,88.60,1.50,17.27,5.13,14.11,78.15,99.37,11.80,1.28,2.24,6.24,http://www.sec.gov/cgi-bin/browse-edgar?action=getcompany&CIK=COL
ROP,Roper Technologies,Industrials,187.98,0.53,28.31,6.64,50.94,144.62,189.50,18.93,1.23,5.27,3.69,http://www.sec.gov/cgi-bin/browse-edgar?action=getcompany&CIK=ROP
ROST,Ross Stores,Consumer Discretionary,51.53,0.91,21.67,2.38,5.85,39.74,56.68,21.03,1.83,1.83,8.83,http://www.sec.gov/cgi-bin/browse-edgar?action=getcompany&CIK=ROST
RCL,Royal Caribbean Cruises,Consumer Discretionary,99.47,1.55,38.60,2.58,37.53,65.91,100.39,21.88,1.97,2.62,2.61,http://www.sec.gov/cgi-bin/browse-edgar?action=getcompany&CIK=RCL
R,Ryder System,Industrials,71.82,2.27,15.97,4.50,36.54,67.75,100.64,3.84,1.75,0.58,1.96,http://www.sec.gov/cgi-bin/browse-edgar?action=getcompany&CIK=R
SNDK,SanDisk Corp,Information Technology,76.73,1.56,37.09,2.07,28.07,44.28,106.64,15.40,1.48,2.69,2.74,http://www.sec.gov/cgi-bin/browse-edgar?action=getcompany&CIK=SNDK
SCG,SCANA Corp,Utilities,59.32,3.70,11.26,5.27,37.45,49.89,65.57,8.48,1.55,1.83,1.59,http://www.sec.gov/cgi-bin/browse-edgar?action=getcompany&CIK=SCG
HSIC,Schein (Henry),Health Care,154.09,,27.85,5.53,34.23,122.23,156.01,12.85,0.89044,1.24,4.53,http://www.sec.gov/cgi-bin/browse-edgar?action=getcompany&CIK=HSIC
SLB,Schlumberger Ltd,Energy,78.765,2.450,29.835,2.640,30.086,66.570,100.540,99.33,11.21,2.509,2.669,http://www.sec.gov/cgi-bin/browse-edgar?action=getcompany&CIK=SLB
SCHW,Schwab(Charles)Corp,Financials,31.571,0.760,31.890,0.990,8.782,25.430,35.720,41.54,0.00,6.677,3.580,http://www.sec.gov/cgi-bin/browse-edgar?action=getcompany&CIK=SCHW
SNI,Scripps Networks Interact,Consumer Discretionary,58.26,1.50,13.54,4.30,10.76,47.62,82.78,7.49,1.23,2.83,5.54,http://www.sec.gov/cgi-bin/browse-edgar?action=getcompany&CIK=SNI
STX,Seagate Technology Plc,Information Technology,38.86,6.24,9.02,4.31,6.43,36.80,69.40,11.62,1.98,0.90,6.04,http://www.sec.gov/cgi-bin/browse-edgar?action=getcompany&CIK=STX
SEE,Sealed Air,Materials,48.09,1.00,36.43,1.32,2.18,37.63,55.84,9.76,1.08,1.34,22.04,http://www.sec.gov/cgi-bin/browse-edgar?action=getcompany&CIK=SEE
SRE,Sempra Energy,Utilities,104.11,2.68,20.46,5.09,46.79,89.44,116.30,25.86,3.04,2.55,2.26,http://www.sec.gov/cgi-bin/browse-edgar?action=getcompany&CIK=SRE
SHW,Sherwin-Williams,Materials,268.22,0.99,25.83,10.39,10.59,218.27,294.35,24.73,1.68,2.21,25.57,http://www.sec.gov/cgi-bin/browse-edgar?action=getcompany&CIK=SHW
SIAL,Sigma-Aldrich,Materials,139.51,0.66,34.12,4.09,27.98,135.12,140.03,16.74,0.84,6.02,4.98,http://www.sec.gov/cgi-bin/browse-edgar?action=getcompany&CIK=SIAL
SPG,Simon Property Group,Financials,202.77,3.14,37.97,5.34,14.05,170.99,208.14,62.74,3.78,12.42,14.50,http://www.sec.gov/cgi-bin/browse-edgar?action=getcompany&CIK=SPG
SWKS,Skyworks Solutions,Information Technology,80.03,1.32,20.91,3.83,15.93,56.68,112.88,15.26,1.11,4.94,5.03,http://www.sec.gov/cgi-bin/browse-edgar?action=getcompany&CIK=SWKS
SLG,SL Green Realty,Financials,120.12,2.00,52.73,2.28,70.40,99.97,135.81,11.97,1.10,7.30,1.70,http://www.sec.gov/cgi-bin/browse-edgar?action=getcompany&CIK=SLG
SJM,Smucker (J.M.),Consumer Staples,117.91,2.29,34.91,3.38,59.58,97.28,120.65,14.11,1.29,2.23,1.97,http://www.sec.gov/cgi-bin/browse-edgar?action=getcompany&CIK=SJM
SNA,Snap-On,Industrials,169.46,1.26,21.62,7.84,40.66,129.14,170.70,9.84,0.8136,2.73,4.16,http://www.sec.gov/cgi-bin/browse-edgar?action=getcompany&CIK=SNA
SO,Southern Co,Utilities,45.615,4.800,17.497,2.607,22.216,41.400,53.160,41.46,6.54,2.321,2.062,http://www.sec.gov/cgi-bin/browse-edgar?action=getcompany&CIK=SO
LUV,Southwest Airlines,Industrials,46.63,0.64,17.16,2.72,10.71,31.36,47.17,30.33,4.66,1.57,4.35,http://www.sec.gov/cgi-bin/browse-edgar?action=getcompany&CIK=LUV
SWN,Southwestern Energy,Energy,12.29,0.00,,-5.94,11.61,10.25,37.26,4.70,1.75,1.31,1.00,http://www.sec.gov/cgi-bin/browse-edgar?action=getcompany&CIK=SWN
SE,Spectra Energy,Energy,28.415,5.040,23.878,1.190,11.314,25.220,40.000,19.08,2.69,3.434,2.542,http://www.sec.gov/cgi-bin/browse-edgar?action=getcompany&CIK=SE
STJ,St. Jude Medical,Health Care,64.57,1.81,18.34,3.52,13.96,60.34,80.84,18.49,1.66,3.33,4.61,http://www.sec.gov/cgi-bin/browse-edgar?action=getcompany&CIK=STJ
SWK,Stanley Black & Decker,Industrials,107.02,2.05,21.68,4.94,37.66,90.08,111.18,16.02,1.88,1.42,2.85,http://www.sec.gov/cgi-bin/browse-edgar?action=getcompany&CIK=SWK
SPLS,Staples,Consumer Discretionary,13.32,3.59,164.44,0.08,8.10,11.61,19.40,8.57,1.39,0.38,1.61,http://www.sec.gov/cgi-bin/browse-edgar?action=getcompany&CIK=SPLS
SBUX,Starbucks Corp,Consumer Discretionary,62.29,1.29,34.23,1.82,3.92,38.33,64.00,92.51,4.28,4.80,15.81,http://www.sec.gov/cgi-bin/browse-edgar?action=getcompany&CIK=SBUX
HOT,Starwood Hotels&Res World,Consumer Discretionary,77.69,1.93,23.87,3.26,7.39,63.99,87.99,13.13,1.10,4.23,10.51,http://www.sec.gov/cgi-bin/browse-edgar?action=getcompany&CIK=HOT
STT,State Street Corp,Financials,72.46,1.93,16.93,4.28,46.55,71.06,72.88,29.26,0.00,2.75,1.53,http://www.sec.gov/cgi-bin/browse-edgar?action=getcompany&CIK=STT
SRCL,Stericycle,Industrials,124.32,,41.44,3.00,31.44,110.56,151.57,10.71,0.71616,3.85,3.94,http://www.sec.gov/cgi-bin/browse-edgar?action=getcompany&CIK=SRCL
SYK,Stryker Corp,Health Care,97.67,1.43,31.82,3.07,22.59,87.00,105.34,36.68,2.64,3.72,4.32,http://www.sec.gov/cgi-bin/browse-edgar?action=getcompany&CIK=SYK
STI,SunTrust Banks,Financials,43.43,2.26,12.82,3.39,43.74,36.52,45.84,22.28,0.00,2.83,0.98,http://www.sec.gov/cgi-bin/browse-edgar?action=getcompany&CIK=STI
SYMC,Symantec Corp,Information Technology,20.93,2.90,19.18,1.09,8.62,19.07,27.32,14.32,1.81,2.28,2.42,http://www.sec.gov/cgi-bin/browse-edgar?action=getcompany&CIK=SYMC
SYY,Sysco Corp,Consumer Staples,41.07,2.93,37.61,1.09,8.90,35.45,42.03,23.18,2.34,0.47,4.58,http://www.sec.gov/cgi-bin/browse-edgar?action=getcompany&CIK=SYY
TROW,T.Rowe Price Group,Financials,76.63,2.71,16.55,4.63,18.57,65.88,88.64,19.24,2.05,4.59,4.10,http://www.sec.gov/cgi-bin/browse-edgar?action=getcompany&CIK=TROW
TGT,Target Corp,Consumer Discretionary,78.14,2.86,,-1.41,22.11,61.13,85.81,49.11,7.35,0.66,3.50,http://www.sec.gov/cgi-bin/browse-edgar?action=getcompany&CIK=TGT
TEL,TE Connectivity,Information Technology,66.66,2.01,11.33,5.89,24.33,54.32,73.73,26.26,2.61,2.13,2.72,http://www.sec.gov/cgi-bin/browse-edgar?action=getcompany&CIK=TEL
TE,TECO Energy,Utilities,27.07,3.33,70.13,0.39,10.86,17.60,27.23,6.37,0.8934,2.31,2.49,http://www.sec.gov/cgi-bin/browse-edgar?action=getcompany&CIK=TE
TGNA,TEGNA,Consumer Discretionary,27.25,2.01,5.94,4.59,14.87,21.30,38.48,6.17,1.57,0.98,1.87,http://www.sec.gov/cgi-bin/browse-edgar?action=getcompany&CIK=TGNA
THC,Tenet Healthcare,Health Care,33.71,0.00,191.53,0.18,8.05,26.62,60.93,3.36,2.27,0.19,4.25,http://www.sec.gov/cgi-bin/browse-edgar?action=getcompany&CIK=THC
TDC,Teradata Corp,Information Technology,25.50,,,-0.21,8.38,24.00,47.03,3.61,0.486,1.60,3.56,http://www.sec.gov/cgi-bin/browse-edgar?action=getcompany&CIK=TDC
TSO,Tesoro Petroleum Co,Energy,115.235,1.780,8.927,12.908,43.837,64.160,116.890,14.12,3.58,0.463,2.614,http://www.sec.gov/cgi-bin/browse-edgar?action=getcompany&CIK=TSO
TXN,Texas Instruments,Information Technology,57.35,2.66,20.66,2.78,9.78,43.49,59.99,58.48,5.34,4.44,5.82,http://www.sec.gov/cgi-bin/browse-edgar?action=getcompany&CIK=TXN
TXT,Textron,Industrials,41.99,0.19,17.19,2.44,17.15,32.20,46.93,11.49,1.58,0.84,2.44,http://www.sec.gov/cgi-bin/browse-edgar?action=getcompany&CIK=TXT
TMO,Thermo Fisher Scientific,Health Care,134.95,0.45,27.48,4.91,52.24,115.61,141.25,53.86,4.06,3.21,2.59,http://www.sec.gov/cgi-bin/browse-edgar?action=getcompany&CIK=TMO
TIF,Tiffany & Co,Consumer Discretionary,83.9856,1.9200,24.4856,3.4300,22.3190,74.2800,110.6000,10.83,1.02,2.5394,3.7040,http://www.sec.gov/cgi-bin/browse-edgar?action=getcompany&CIK=TIF
TWX,Time Warner,Consumer Discretionary,69.105,1.810,16.271,4.247,29.406,65.250,91.340,56.36,7.87,2.085,2.455,http://www.sec.gov/cgi-bin/browse-edgar?action=getcompany&CIK=TWX
TWC,Time Warner Cable,Consumer Discretionary,187.83,1.60,28.08,6.69,30.88,131.00,194.22,53.19,7.83,2.28,6.11,http://www.sec.gov/cgi-bin/browse-edgar?action=getcompany&CIK=TWC
TJX,TJX Companies,Consumer Discretionary,74.35,1.13,22.70,3.28,6.34,59.69,76.93,50.14,4.28,1.66,11.62,http://www.sec.gov/cgi-bin/browse-edgar?action=getcompany&CIK=TJX
TMK,Torchmark Corp,Financials,58.57,0.92,13.90,4.21,34.38,49.77,63.26,7.33,0.97481,1.80,1.70,http://www.sec.gov/cgi-bin/browse-edgar?action=getcompany&CIK=TMK
TSS,Total System Services,Information Technology,52.47,0.76,26.94,1.95,10.20,32.06,55.00,9.65,0.68087,3.58,5.15,http://www.sec.gov/cgi-bin/browse-edgar?action=getcompany&CIK=TSS
TSCO,Tractor Supply,Consumer Discretionary,93.77,0.86,31.33,2.99,9.87,72.88,96.28,12.71,0.77578,2.04,9.40,http://www.sec.gov/cgi-bin/browse-edgar?action=getcompany&CIK=TSCO
RIG,Transocean Ltd,Energy,15.4789,0.0000,,-8.5260,36.6940,11.2600,30.5900,5.63,3.43,0.7434,0.4592,http://www.sec.gov/cgi-bin/browse-edgar?action=getcompany&CIK=RIG
TRV,TravelersCompanies,Financials,114.105,2.150,10.212,11.174,79.004,95.210,114.770,34.71,6.19,1.290,1.444,http://www.sec.gov/cgi-bin/browse-edgar?action=getcompany&CIK=TRV
TRIP,TripAdvisor,Consumer Discretionary,83.14,,57.34,1.45,8.61,62.24,94.00,11.98,0.356,8.44,9.59,http://www.sec.gov/cgi-bin/browse-edgar?action=getcompany&CIK=TRIP
FOXA,Twenty-First Century Fox,Consumer Discretionary,29.66,0.97,7.61,3.90,8.45,22.81,39.27,59.90,6.37,2.07,3.51,http://www.sec.gov/cgi-bin/browse-edgar?action=getcompany&CIK=FOXA
TYC,Tyco International,Industrials,36.92,2.21,40.62,0.91,10.21,33.06,44.84,15.56,1.05,1.54,3.62,http://www.sec.gov/cgi-bin/browse-edgar?action=getcompany&CIK=TYC
TSN,Tyson Foods,Consumer Staples,45.585,0.880,16.990,2.683,23.804,37.100,47.710,18.51,2.77,0.448,1.897,http://www.sec.gov/cgi-bin/browse-edgar?action=getcompany&CIK=TSN
USB,U.S. Bancorp,Financials,42.665,2.390,13.544,3.150,22.987,38.810,46.260,74.83,0.00,4.058,1.854,http://www.sec.gov/cgi-bin/browse-edgar?action=getcompany&CIK=USB
UA,Under Armour,Consumer Discretionary,95.9688,,98.1276,0.9780,7.1160,63.7700,105.8900,20.70,0.46918,5.5752,13.3924,http://www.sec.gov/cgi-bin/browse-edgar?action=getcompany&CIK=UA
UNP,Union Pacific,Industrials,87.20,2.48,15.04,5.80,24.07,79.31,124.52,74.48,10.49,3.31,3.66,http://www.sec.gov/cgi-bin/browse-edgar?action=getcompany&CIK=UNP
UPS,United Parcel Service,Industrials,104.315,2.790,23.920,4.361,2.174,93.640,114.400,93.49,8.37,1.601,47.838,http://www.sec.gov/cgi-bin/browse-edgar?action=getcompany&CIK=UPS
URI,United Rentals,Industrials,78.40,,12.73,6.16,16.13,56.66,119.35,7.28,1.82,1.21,4.75,http://www.sec.gov/cgi-bin/browse-edgar?action=getcompany&CIK=URI
UTX,United Technologies,Industrials,100.8549,2.5600,15.5833,6.4720,34.4130,85.5000,124.4500,89.46,11.57,1.3910,2.9155,http://www.sec.gov/cgi-bin/browse-edgar?action=getcompany&CIK=UTX
UNH,UnitedHealth Group,Health Care,116.44,1.70,18.48,6.30,34.25,93.01,126.21,112.60,12.49,0.75,3.35,http://www.sec.gov/cgi-bin/browse-edgar?action=getcompany&CIK=UNH
UHS,Univl Health Services,Health Care,123.01,0.32,18.28,6.73,41.81,95.63,148.57,12.16,1.65,1.41,2.99,http://www.sec.gov/cgi-bin/browse-edgar?action=getcompany&CIK=UHS
UNM,Unum Group,Financials,34.47,2.12,23.43,1.47,35.25,29.81,38.15,8.39,0.7006,0.79,0.98,http://www.sec.gov/cgi-bin/browse-edgar?action=getcompany&CIK=UNM
URBN,Urban Outfitters,Consumer Discretionary,29.44,,17.24,1.71,9.84,27.23,47.25,3.65,0.49061,1.05,2.94,http://www.sec.gov/cgi-bin/browse-edgar?action=getcompany&CIK=URBN
VLO,Valero Energy,Energy,71.82,2.87,7.55,9.52,42.93,43.45,72.35,35.70,9.21,0.36,1.66,http://www.sec.gov/cgi-bin/browse-edgar?action=getcompany&CIK=VLO
VAR,Varian Medical Systems,Health Care,80.36,0.00,19.65,4.09,17.36,71.07,96.67,7.92,0.6156699999999999,2.53,4.58,http://www.sec.gov/cgi-bin/browse-edgar?action=getcompany&CIK=VAR
VTR,Ventas,Financials,54.11,5.45,43.81,1.24,28.86,52.03,81.93,18.02,1.88,5.13,1.85,http://www.sec.gov/cgi-bin/browse-edgar?action=getcompany&CIK=VTR
VRSN,VeriSign,Information Technology,81.232,0.000,31.981,2.540,-9.218,53.480,82.145,9.06,0.6522,8.692,,http://www.sec.gov/cgi-bin/browse-edgar?action=getcompany&CIK=VRSN
VZ,Verizon Communications,Telecommunication Services,46.3072,4.8700,18.5823,2.4920,3.2290,38.0600,51.7300,188.42,37.23,1.4380,14.2893,http://www.sec.gov/cgi-bin/browse-edgar?action=getcompany&CIK=VZ
VRTX,Vertex Pharmaceuticals,Health Care,122.38,,,-2.74,3.75,97.45,143.45,30.07,-0.50022,40.44,33.27,http://www.sec.gov/cgi-bin/browse-edgar?action=getcompany&CIK=VRTX
VFC,VF Corp,Consumer Discretionary,69.2999,2.1700,28.8269,2.4040,12.6080,61.5600,77.8300,29.47,2.11,2.3029,5.3878,http://www.sec.gov/cgi-bin/browse-edgar?action=getcompany&CIK=VFC
VIAB,Viacom,Consumer Discretionary,46.77,3.12,10.92,4.28,7.22,36.32,78.00,18.60,4.27,1.42,6.64,http://www.sec.gov/cgi-bin/browse-edgar?action=getcompany&CIK=VIAB
V,Visa,Information Technology,79.31,0.72,30.50,2.60,12.26,60.00,79.71,193.03,9.57,13.74,6.39,http://www.sec.gov/cgi-bin/browse-edgar?action=getcompany&CIK=V
VNO,Vornado Realty Trust,Financials,99.83,2.50,19.66,5.08,28.67,84.60,115.73,18.82,1.35,6.77,3.48,http://www.sec.gov/cgi-bin/browse-edgar?action=getcompany&CIK=VNO
VMC,Vulcan Materials,Materials,101.30,0.41,80.02,1.27,32.69,61.45,102.65,13.52,0.74402,3.90,2.97,http://www.sec.gov/cgi-bin/browse-edgar?action=getcompany&CIK=VMC
WMT,Wal-Mart Stores,Consumer Staples,58.645,3.370,12.241,4.791,24.532,56.770,90.970,188.01,35.27,0.385,2.379,http://www.sec.gov/cgi-bin/browse-edgar?action=getcompany&CIK=WMT
WBA,Walgreens Boots Alliance,Consumer Staples,86.02,1.66,21.50,4.00,28.32,65.54,97.30,93.66,6.87,0.92,3.09,http://www.sec.gov/cgi-bin/browse-edgar?action=getcompany&CIK=WBA
DIS,Walt Disney Co,Consumer Discretionary,113.12,1.14,23.56,4.80,29.07,88.65,122.08,190.93,14.81,3.72,3.90,http://www.sec.gov/cgi-bin/browse-edgar?action=getcompany&CIK=DIS
WM,Waste Management,Industrials,54.46,2.85,23.34,2.33,11.73,45.86,55.93,24.32,3.43,1.84,4.62,http://www.sec.gov/cgi-bin/browse-edgar?action=getcompany&CIK=WM
WAT,Waters Corp,Health Care,131.69,0.00,23.48,5.61,24.00,110.70,137.39,10.80,0.66627,5.32,5.51,http://www.sec.gov/cgi-bin/browse-edgar?action=getcompany&CIK=WAT
WEC,WEC Energy Group,Utilities,51.69,3.53,22.47,2.30,26.79,44.93,58.01,16.32,1.44,3.54,1.94,http://www.sec.gov/cgi-bin/browse-edgar?action=getcompany&CIK=WEC
WFC,Wells Fargo,Financials,54.925,2.730,13.267,4.140,33.712,47.750,58.770,280.58,0.00,3.327,1.619,http://www.sec.gov/cgi-bin/browse-edgar?action=getcompany&CIK=WFC
WDC,Western Digital,Information Technology,67.69,2.92,12.03,5.63,40.42,66.08,114.69,15.64,2.71,1.13,1.70,http://www.sec.gov/cgi-bin/browse-edgar?action=getcompany&CIK=WDC
WU,Western Union,Information Technology,19.59,3.19,12.09,1.62,2.66,16.73,22.84,9.90,1.40,1.77,7.24,http://www.sec.gov/cgi-bin/browse-edgar?action=getcompany&CIK=WU
WY,Weyerhaeuser Co,Financials,31.085,3.990,28.571,1.088,9.518,26.730,37.040,15.87,1.52,2.212,3.249,http://www.sec.gov/cgi-bin/browse-edgar?action=getcompany&CIK=WY
WHR,Whirlpool Corp,Consumer Discretionary,158.60,2.24,18.54,8.56,62.35,140.50,217.11,12.40,2.05,0.59,2.58,http://www.sec.gov/cgi-bin/browse-edgar?action=getcompany&CIK=WHR
WFM,Whole Foods Market,Consumer Staples,30.09,1.66,18.03,1.67,11.35,28.73,57.57,10.77,1.41,0.72,2.71,http://www.sec.gov/cgi-bin/browse-edgar?action=getcompany&CIK=WFM
WMB,WilliamsCompanies,Energy,38.105,6.360,85.629,0.445,9.862,34.640,61.380,28.57,2.97,3.894,3.947,http://www.sec.gov/cgi-bin/browse-edgar?action=getcompany&CIK=WMB
WYN,Wyndham Worldwide,Consumer Discretionary,81.54,2.05,17.83,4.57,8.76,69.77,94.35,9.46,1.24,1.73,9.29,http://www.sec.gov/cgi-bin/browse-edgar?action=getcompany&CIK=WYN
WYNN,Wynn Resorts,Consumer Discretionary,72.90,2.69,37.99,1.92,-2.06,50.96,184.83,7.37,1.07,1.73,,http://www.sec.gov/cgi-bin/browse-edgar?action=getcompany&CIK=WYNN
XEL,Xcel Energy,Utilities,36.1353,3.5700,18.8598,1.9160,20.7880,31.7600,38.3500,18.34,3.16,1.6171,1.7332,http://www.sec.gov/cgi-bin/browse-edgar?action=getcompany&CIK=XEL
XRX,Xerox Corp,Information Technology,9.63,2.87,31.37,0.31,9.00,9.17,14.36,9.75,1.69,0.53,1.07,http://www.sec.gov/cgi-bin/browse-edgar?action=getcompany&CIK=XRX
XLNX,Xilinx,Information Technology,47.175,2.620,22.044,2.140,10.133,37.200,49.400,12.12,0.77639,5.443,4.676,http://www.sec.gov/cgi-bin/browse-edgar?action=getcompany&CIK=XLNX
XL,XL Group Plc,Financials,37.58,2.10,9.47,3.97,39.55,25.56,40.41,11.34,1.21,1.40,0.95,http://www.sec.gov/cgi-bin/browse-edgar?action=getcompany&CIK=XL
XYL,Xylem,Industrials,36.80,1.54,20.90,1.76,11.39,29.90,39.23,6.60,0.598,1.78,3.22,http://www.sec.gov/cgi-bin/browse-edgar?action=getcompany&CIK=XYL
YHOO,Yahoo,Information Technology,35.16,,136.28,0.26,29.83,27.20,52.62,33.29,0.47708,6.71,1.18,http://www.sec.gov/cgi-bin/browse-edgar?action=getcompany&CIK=YHOO
YUM,Yum Brands,Consumer Discretionary,71.27,2.56,34.05,2.09,4.23,66.35,95.90,30.73,2.79,2.35,16.90,http://www.sec.gov/cgi-bin/browse-edgar?action=getcompany&CIK=YUM
ZBH,Zimmer Biomet Holdings,Health Care,107.88,0.83,112.73,0.96,49.11,88.77,121.84,21.95,1.95,4.15,2.20,http://www.sec.gov/cgi-bin/browse-edgar?action=getcompany&CIK=ZBH
ZTS,Zoetis,Health Care,45.3699,0.7100,51.5567,0.8300,2.6150,37.7300,55.3800,22.72,1.41,4.8455,17.8011,http://www.sec.gov/cgi-bin/browse-edgar?action=getcompany&CIK=ZTS
